,Cycle_Desc,Post_Date,Eff_Gas_Day,Cap_Type_Desc,Post_Time,Eff_Time,Loc,Loc_Name,Loc_Zn,Flow_Ind_Desc,Loc_Purp_Desc,Loc_QTI_Desc,Meas_Basis_Desc,IT,All_Qty_Avail,Total_Design_Capacity,Operating_Capacity,Total_Scheduled_Quantity,Operationally_Available_Capacity,TSP_Name,TSP
0,INTRDY_2020-12-18_1800,12-18-2020,12-18-2020,Operational Capacity,18:00,09:00,50021,NORA LATERAL - MAINLINE,,Receipt,Receipt Location,Receipt Point Quantity,MMBtu,N,Y,"221,602","221,602",0,"221,602",EAST TENN,7921323
1,INTRDY_2020-12-18_1800,12-18-2020,12-18-2020,Operational Capacity,18:00,09:00,50022,NORA LATERAL,,Delivery,Delivery Location,Delivery Point Quantity,MMBtu,N,Y,"141,755","141,755",0,"141,755",EAST TENN,7921323
2,INTRDY_2020-12-18_1800,12-18-2020,12-18-2020,Operational Capacity,18:00,09:00,50092,MAINLINE JEWELL RIDGE,,Receipt,Receipt Location,Receipt Point Quantity,MMBtu,N,Y,"599,536","599,536","161,256","438,280",EAST TENN,7921323
3,INTRDY_2020-12-18_1800,12-18-2020,12-18-2020,Operational Capacity,18:00,09:00,53101,EL PASO - RIDGETOP RECEIVING,,Receipt,Receipt Location,Receipt Point Quantity,MMBtu,N,Y,"398,090","398,090","245,130","152,960",EAST TENN,7921323
4,INTRDY_2020-12-18_1800,12-18-2020,12-18-2020,Operational Capacity,18:00,09:00,53201,EL PASO - LOBELVILLE RECEIVING,,Receipt,Receipt Location,Receipt Point Quantity,MMBtu,Y,Y,"253,230","253,230","93,206","160,024",EAST TENN,7921323
5,INTRDY_2020-12-18_1800,12-18-2020,12-18-2020,Operational Capacity,18:00,09:00,59000,KUB EAST,,Delivery,Delivery Location,Delivery Point Quantity,MMBtu,N,Y,"85,978","85,978",0,"85,978",EAST TENN,7921323
6,INTRDY_2020-12-18_1800,12-18-2020,12-18-2020,Operational Capacity,18:00,09:00,59001,CHAT EAST,,Delivery,Delivery Location,Delivery Point Quantity,MMBtu,Y,Y,"119,150","119,150","6,750","112,400",EAST TENN,7921323
7,INTRDY_2020-12-18_1800,12-18-2020,12-18-2020,Operational Capacity,18:00,09:00,59002,UCG BRISTOL,,Delivery,Delivery Location,Delivery Point Quantity,MMBtu,N,Y,"27,227","27,227","12,779","14,448",EAST TENN,7921323
8,INTRDY_2020-12-18_1800,12-18-2020,12-18-2020,Operational Capacity,18:00,09:00,59003,ROANOKE SALEM,,Delivery,Delivery Location,Delivery Point Quantity,MMBtu,N,Y,"44,460","44,460","4,260","40,200",EAST TENN,7921323
9,INTRDY_2020-12-18_1800,12-18-2020,12-18-2020,Operational Capacity,18:00,09:00,59004,ROANOKE CLEARBROOK,,Delivery,Delivery Location,Delivery Point Quantity,MMBtu,N,Y,"44,460","44,460","12,414","32,046",EAST TENN,7921323
10,INTRDY_2020-12-18_1800,12-18-2020,12-18-2020,Operational Capacity,18:00,09:00,59005,KUB WEST,,Delivery,Delivery Location,Delivery Point Quantity,MMBtu,N,Y,"167,850","167,850","51,164","116,686",EAST TENN,7921323
11,INTRDY_2020-12-18_1800,12-18-2020,12-18-2020,Operational Capacity,18:00,09:00,59006,ERPUD ESTILL SPRINGS,,Delivery,Delivery Location,Delivery Point Quantity,MMBtu,N,Y,"14,310","14,310","7,210","7,100",EAST TENN,7921323
12,INTRDY_2020-12-18_1800,12-18-2020,12-18-2020,Operational Capacity,18:00,09:00,59007,CHAT NORTH,,Delivery,Delivery Location,Delivery Point Quantity,MMBtu,N,Y,"22,720","22,720",189,"22,531",EAST TENN,7921323
13,INTRDY_2020-12-18_1800,12-18-2020,12-18-2020,Operational Capacity,18:00,09:00,59008,BOWATERS,,Delivery,Delivery Location,Delivery Point Quantity,MMBtu,N,Y,"31,565","31,565","12,410","19,155",EAST TENN,7921323
14,INTRDY_2020-12-18_1800,12-18-2020,12-18-2020,Operational Capacity,18:00,09:00,59009,EARLY GROVE REC/WD (BI-D 59147),,Receipt,Receipt Location,Receipt Point Quantity,MMBtu,N,Y,"28,609","28,609","7,474","21,135",EAST TENN,7921323
15,INTRDY_2020-12-18_1800,12-18-2020,12-18-2020,Operational Capacity,18:00,09:00,59010,UCG BLACKSBURG,,Delivery,Delivery Location,Delivery Point Quantity,MMBtu,N,Y,"25,715","25,715","8,529","17,186",EAST TENN,7921323
16,INTRDY_2020-12-18_1800,12-18-2020,12-18-2020,Operational Capacity,18:00,09:00,59011,MTUD RED BANK,,Delivery,Delivery Location,Delivery Point Quantity,MMBtu,N,Y,"25,886","26,042","9,156","16,886",EAST TENN,7921323
17,INTRDY_2020-12-18_1800,12-18-2020,12-18-2020,Operational Capacity,18:00,09:00,59012,MORGAN COUNTY 1 (BI 59163),,Receipt,Receipt Location,Receipt Point Quantity,MMBtu,N,Y,"46,700","46,700",0,"46,700",EAST TENN,7921323
18,INTRDY_2020-12-18_1800,12-18-2020,12-18-2020,Operational Capacity,18:00,09:00,59013,UCG PULASKI,,Delivery,Delivery Location,Delivery Point Quantity,MMBtu,N,Y,"27,190","27,190","2,542","24,648",EAST TENN,7921323
19,INTRDY_2020-12-18_1800,12-18-2020,12-18-2020,Operational Capacity,18:00,09:00,59014,ATLANTA,,Delivery,Delivery Location,Delivery Point Quantity,MMBtu,N,Y,"199,690","199,690","33,737","165,953",EAST TENN,7921323
20,INTRDY_2020-12-18_1800,12-18-2020,12-18-2020,Operational Capacity,18:00,09:00,59015,MTUD CARTHAGE,,Delivery,Delivery Location,Delivery Point Quantity,MMBtu,N,Y,"22,561","22,561","10,652","11,909",EAST TENN,7921323
21,INTRDY_2020-12-18_1800,12-18-2020,12-18-2020,Operational Capacity,18:00,09:00,59016,CHATTANOOGA OOLTEWAH,,Delivery,Delivery Location,Delivery Point Quantity,MMBtu,N,Y,"14,522","14,522","2,819","11,703",EAST TENN,7921323
22,INTRDY_2020-12-18_1800,12-18-2020,12-18-2020,Operational Capacity,18:00,09:00,59017,CHATTANOOGA SIGNAL MOUNTAIN,,Delivery,Delivery Location,Delivery Point Quantity,MMBtu,N,Y,"7,647","7,647","2,757","4,890",EAST TENN,7921323
23,INTRDY_2020-12-18_1800,12-18-2020,12-18-2020,Operational Capacity,18:00,09:00,59019,SOUTH PITTSBURG,,Delivery,Delivery Location,Delivery Point Quantity,MMBtu,N,Y,"14,310","14,310","4,862","9,448",EAST TENN,7921323
24,INTRDY_2020-12-18_1800,12-18-2020,12-18-2020,Operational Capacity,18:00,09:00,59020,ORUD,,Delivery,Delivery Location,Delivery Point Quantity,MMBtu,N,Y,"19,016","19,016","11,493","7,523",EAST TENN,7921323
25,INTRDY_2020-12-18_1800,12-18-2020,12-18-2020,Operational Capacity,18:00,09:00,59021,DOE C STATION,,Delivery,Delivery Location,Delivery Point Quantity,MMBtu,N,Y,"19,016","19,016","5,600","13,416",EAST TENN,7921323
26,INTRDY_2020-12-18_1800,12-18-2020,12-18-2020,Operational Capacity,18:00,09:00,59022,UCG RADFORD,,Delivery,Delivery Location,Delivery Point Quantity,MMBtu,N,Y,"27,693","29,772","3,422","26,350",EAST TENN,7921323
27,INTRDY_2020-12-18_1800,12-18-2020,12-18-2020,Operational Capacity,18:00,09:00,59024,CHATTANOOGA CLEVELAND,,Delivery,Delivery Location,Delivery Point Quantity,MMBtu,Y,Y,"33,976","33,976","21,463","12,513",EAST TENN,7921323
28,INTRDY_2020-12-18_1800,12-18-2020,12-18-2020,Operational Capacity,18:00,09:00,59025,GALLATIN WEST,,Delivery,Delivery Location,Delivery Point Quantity,MMBtu,N,Y,"7,189","7,189","5,867","1,322",EAST TENN,7921323
29,INTRDY_2020-12-18_1800,12-18-2020,12-18-2020,Operational Capacity,18:00,09:00,59026,UCG COLUMBIA WEST,,Delivery,Delivery Location,Delivery Point Quantity,MMBtu,N,Y,"7,400","7,400","12,066",0,EAST TENN,7921323
30,INTRDY_2020-12-18_1800,12-18-2020,12-18-2020,Operational Capacity,18:00,09:00,59027,UCG MORRISTOWN,,Delivery,Delivery Location,Delivery Point Quantity,MMBtu,N,Y,"19,016","19,016","9,653","9,363",EAST TENN,7921323
31,INTRDY_2020-12-18_1800,12-18-2020,12-18-2020,Operational Capacity,18:00,09:00,59028,UCG JOHNSON CITY EAST,,Delivery,Delivery Location,Delivery Point Quantity,MMBtu,N,Y,"17,452","17,452","4,400","13,052",EAST TENN,7921323
32,INTRDY_2020-12-18_1800,12-18-2020,12-18-2020,Operational Capacity,18:00,09:00,59029,COOKEVILLE,,Delivery,Delivery Location,Delivery Point Quantity,MMBtu,N,Y,"26,352","26,352","5,381","20,971",EAST TENN,7921323
33,INTRDY_2020-12-18_1800,12-18-2020,12-18-2020,Operational Capacity,18:00,09:00,59031,MTUD MONTEREY,,Delivery,Delivery Location,Delivery Point Quantity,MMBtu,N,Y,"27,190","27,190","21,017","6,173",EAST TENN,7921323
34,INTRDY_2020-12-18_1800,12-18-2020,12-18-2020,Operational Capacity,18:00,09:00,59032,HARRIMAN,,Delivery,Delivery Location,Delivery Point Quantity,MMBtu,N,Y,"18,321","18,321","2,156","16,165",EAST TENN,7921323
35,INTRDY_2020-12-18_1800,12-18-2020,12-18-2020,Operational Capacity,18:00,09:00,59033,ROCKWOOD,,Delivery,Delivery Location,Delivery Point Quantity,MMBtu,N,Y,"14,793","14,793","2,160","12,633",EAST TENN,7921323
36,INTRDY_2020-12-18_1800,12-18-2020,12-18-2020,Operational Capacity,18:00,09:00,59034,ERPUD TULLAHOMA,,Delivery,Delivery Location,Delivery Point Quantity,MMBtu,N,Y,"12,214","12,214","6,641","5,573",EAST TENN,7921323
37,INTRDY_2020-12-18_1800,12-18-2020,12-18-2020,Operational Capacity,18:00,09:00,59035,PCUD CLINTON,,Delivery,Delivery Location,Delivery Point Quantity,MMBtu,N,Y,"27,190","27,727","8,016","19,711",EAST TENN,7921323
38,INTRDY_2020-12-18_1800,12-18-2020,12-18-2020,Operational Capacity,18:00,09:00,59036,ERPUD A E D C,,Delivery,Delivery Location,Delivery Point Quantity,MMBtu,N,Y,"57,980","57,980",891,"57,089",EAST TENN,7921323
39,INTRDY_2020-12-18_1800,12-18-2020,12-18-2020,Operational Capacity,18:00,09:00,59038,LEWISBURG,,Delivery,Delivery Location,Delivery Point Quantity,MMBtu,N,Y,"14,311","14,311","13,830",481,EAST TENN,7921323
40,INTRDY_2020-12-18_1800,12-18-2020,12-18-2020,Operational Capacity,18:00,09:00,59039,LOUDON -LINE,,Delivery,Delivery Location,Delivery Point Quantity,MMBtu,N,Y,"18,320","18,320","7,866","10,454",EAST TENN,7921323
41,INTRDY_2020-12-18_1800,12-18-2020,12-18-2020,Operational Capacity,18:00,09:00,59040,MTUD ALTO,,Delivery,Delivery Location,Delivery Point Quantity,MMBtu,N,Y,"17,190","17,190","7,311","9,879",EAST TENN,7921323
42,INTRDY_2020-12-18_1800,12-18-2020,12-18-2020,Operational Capacity,18:00,09:00,59041,ATHENS,,Delivery,Delivery Location,Delivery Point Quantity,MMBtu,N,Y,"27,660","27,660","5,749","21,911",EAST TENN,7921323
43,INTRDY_2020-12-18_1800,12-18-2020,12-18-2020,Operational Capacity,18:00,09:00,59042,UNION CARBIDE,,Delivery,Delivery Location,Delivery Point Quantity,MMBtu,N,Y,"19,938","19,938",0,"19,938",EAST TENN,7921323
44,INTRDY_2020-12-18_1800,12-18-2020,12-18-2020,Operational Capacity,18:00,09:00,59043,JCCUD NEWPORT,,Delivery,Delivery Location,Delivery Point Quantity,MMBtu,N,Y,"24,176","24,176","11,396","12,780",EAST TENN,7921323
45,INTRDY_2020-12-18_1800,12-18-2020,12-18-2020,Operational Capacity,18:00,09:00,59044,JCCUD JEFFERSON CITY,,Delivery,Delivery Location,Delivery Point Quantity,MMBtu,N,Y,"15,285","15,285","2,415","12,870",EAST TENN,7921323
46,INTRDY_2020-12-18_1800,12-18-2020,12-18-2020,Operational Capacity,18:00,09:00,59045,ALCOA South,,Delivery,Delivery Location,Delivery Point Quantity,MMBtu,N,Y,"54,759","54,759","14,782","39,977",EAST TENN,7921323
47,INTRDY_2020-12-18_1800,12-18-2020,12-18-2020,Operational Capacity,18:00,09:00,59046,UCG MARYVILLE,,Delivery,Delivery Location,Delivery Point Quantity,MMBtu,N,Y,"33,506","33,506","5,194","28,312",EAST TENN,7921323
48,INTRDY_2020-12-18_1800,12-18-2020,12-18-2020,Operational Capacity,18:00,09:00,59047,ALCOA NORTH,,Delivery,Delivery Location,Delivery Point Quantity,MMBtu,N,Y,"27,662","27,662","3,218","24,444",EAST TENN,7921323
49,INTRDY_2020-12-18_1800,12-18-2020,12-18-2020,Operational Capacity,18:00,09:00,59048,UCG MARYVILLE EAST,,Delivery,Delivery Location,Delivery Point Quantity,MMBtu,N,Y,"5,263","5,263","4,889",374,EAST TENN,7921323
50,INTRDY_2020-12-18_1800,12-18-2020,12-18-2020,Operational Capacity,18:00,09:00,59049,UCG GREENVILLE,,Delivery,Delivery Location,Delivery Point Quantity,MMBtu,N,Y,"18,320","18,320","6,275","12,045",EAST TENN,7921323
51,INTRDY_2020-12-18_1800,12-18-2020,12-18-2020,Operational Capacity,18:00,09:00,59050,UCG JOHNSON CITY WEST,,Delivery,Delivery Location,Delivery Point Quantity,MMBtu,N,Y,"15,716","15,716","2,933","12,783",EAST TENN,7921323
52,INTRDY_2020-12-18_1800,12-18-2020,12-18-2020,Operational Capacity,18:00,09:00,59051,UCG KINGSPORT SOUTH,,Delivery,Delivery Location,Delivery Point Quantity,MMBtu,N,Y,"17,452","17,452","4,693","12,759",EAST TENN,7921323
53,INTRDY_2020-12-18_1800,12-18-2020,12-18-2020,Operational Capacity,18:00,09:00,59052,Heritage Glass-LLC,,Delivery,Delivery Location,Delivery Point Quantity,MMBtu,N,Y,"9,709","9,709",0,"9,709",EAST TENN,7921323
54,INTRDY_2020-12-18_1800,12-18-2020,12-18-2020,Operational Capacity,18:00,09:00,59053,UNICOI ERWIN,,Delivery,Delivery Location,Delivery Point Quantity,MMBtu,N,Y,"19,016","19,016","4,420","14,596",EAST TENN,7921323
55,INTRDY_2020-12-18_1800,12-18-2020,12-18-2020,Operational Capacity,18:00,09:00,59054,LAWRENCEBURG,,Delivery,Delivery Location,Delivery Point Quantity,MMBtu,N,Y,"17,190","17,190",0,"17,190",EAST TENN,7921323
56,INTRDY_2020-12-18_1800,12-18-2020,12-18-2020,Operational Capacity,18:00,09:00,59055,UCG COLUMBIA NORTH,,Delivery,Delivery Location,Delivery Point Quantity,MMBtu,N,Y,"17,018","17,018",750,"16,268",EAST TENN,7921323
57,INTRDY_2020-12-18_1800,12-18-2020,12-18-2020,Operational Capacity,18:00,09:00,59058,GALLATIN,,Delivery,Delivery Location,Delivery Point Quantity,MMBtu,N,Y,"18,320","18,320",0,"18,320",EAST TENN,7921323
58,INTRDY_2020-12-18_1800,12-18-2020,12-18-2020,Operational Capacity,18:00,09:00,59059,ROCKFORD,,Delivery,Delivery Location,Delivery Point Quantity,MMBtu,N,Y,"20,849","20,849",65,"20,784",EAST TENN,7921323
59,INTRDY_2020-12-18_1800,12-18-2020,12-18-2020,Operational Capacity,18:00,09:00,59061,UCG SHELBYVILLE,,Delivery,Delivery Location,Delivery Point Quantity,MMBtu,N,Y,"23,574","23,574","5,769","17,805",EAST TENN,7921323
60,INTRDY_2020-12-18_1800,12-18-2020,12-18-2020,Operational Capacity,18:00,09:00,59062,MT PLEASANT CITY,,Delivery,Delivery Location,Delivery Point Quantity,MMBtu,N,Y,"11,635","11,635",810,"10,825",EAST TENN,7921323
61,INTRDY_2020-12-18_1800,12-18-2020,12-18-2020,Operational Capacity,18:00,09:00,59064,DOE B STATION,,Delivery,Delivery Location,Delivery Point Quantity,MMBtu,N,Y,"12,214","12,214","1,276","10,938",EAST TENN,7921323
62,INTRDY_2020-12-18_1800,12-18-2020,12-18-2020,Operational Capacity,18:00,09:00,59066,MEAD,,Delivery,Delivery Location,Delivery Point Quantity,MMBtu,N,Y,"27,190","27,190",0,"27,190",EAST TENN,7921323
63,INTRDY_2020-12-18_1800,12-18-2020,12-18-2020,Operational Capacity,18:00,09:00,59067,UCG KINGSPORT NORTH,,Delivery,Delivery Location,Delivery Point Quantity,MMBtu,N,Y,"3,418","3,418",0,"3,418",EAST TENN,7921323
64,INTRDY_2020-12-18_1800,12-18-2020,12-18-2020,Operational Capacity,18:00,09:00,59068,SEVIERVILLE,,Delivery,Delivery Location,Delivery Point Quantity,MMBtu,N,Y,"24,176","24,176","4,250","19,926",EAST TENN,7921323
65,INTRDY_2020-12-18_1800,12-18-2020,12-18-2020,Operational Capacity,18:00,09:00,59069,UCG WYTHEVILLE,,Delivery,Delivery Location,Delivery Point Quantity,MMBtu,N,Y,"50,634","50,634","2,445","48,189",EAST TENN,7921323
66,INTRDY_2020-12-18_1800,12-18-2020,12-18-2020,Operational Capacity,18:00,09:00,59070,UCG ELIZABETHTON,,Delivery,Delivery Location,Delivery Point Quantity,MMBtu,N,Y,"11,635","11,635","3,911","7,724",EAST TENN,7921323
67,INTRDY_2020-12-18_1800,12-18-2020,12-18-2020,Operational Capacity,18:00,09:00,59071,UCG BLOUNTVILLE,,Delivery,Delivery Location,Delivery Point Quantity,MMBtu,N,Y,"14,305","14,305",0,"14,305",EAST TENN,7921323
68,INTRDY_2020-12-18_1800,12-18-2020,12-18-2020,Operational Capacity,18:00,09:00,59072,HCCUD HAWKINS,,Delivery,Delivery Location,Delivery Point Quantity,MMBtu,N,Y,"24,176","24,176","7,851","16,325",EAST TENN,7921323
69,INTRDY_2020-12-18_1800,12-18-2020,12-18-2020,Operational Capacity,18:00,09:00,59073,AFG GREENLAND,,Delivery,Delivery Location,Delivery Point Quantity,MMBtu,N,Y,"26,352","26,352","7,153","19,199",EAST TENN,7921323
70,INTRDY_2020-12-18_1800,12-18-2020,12-18-2020,Operational Capacity,18:00,09:00,59074,UCG BRISTOL NORTH,,Delivery,Delivery Location,Delivery Point Quantity,MMBtu,N,Y,"28,047","28,047","14,540","13,507",EAST TENN,7921323
71,INTRDY_2020-12-18_1800,12-18-2020,12-18-2020,Operational Capacity,18:00,09:00,59075,UCG MARION,,Delivery,Delivery Location,Delivery Point Quantity,MMBtu,N,Y,"27,190","27,190",278,"26,912",EAST TENN,7921323
72,INTRDY_2020-12-18_1800,12-18-2020,12-18-2020,Operational Capacity,18:00,09:00,59076,UCG ABINGDON WEST,,Delivery,Delivery Location,Delivery Point Quantity,MMBtu,N,Y,"18,088","18,088",0,"18,088",EAST TENN,7921323
73,INTRDY_2020-12-18_1800,12-18-2020,12-18-2020,Operational Capacity,18:00,09:00,59077,UCG DUBLIN,,Delivery,Delivery Location,Delivery Point Quantity,MMBtu,N,Y,"7,189","7,189","13,466",0,EAST TENN,7921323
74,INTRDY_2020-12-18_1800,12-18-2020,12-18-2020,Operational Capacity,18:00,09:00,59078,ORUD BEAR CREEK,,Delivery,Delivery Location,Delivery Point Quantity,MMBtu,N,Y,"7,189","7,189",0,"7,189",EAST TENN,7921323
75,INTRDY_2020-12-18_1800,12-18-2020,12-18-2020,Operational Capacity,18:00,09:00,59079,PULASKI,,Delivery,Delivery Location,Delivery Point Quantity,MMBtu,N,Y,"16,728","16,728","6,928","9,800",EAST TENN,7921323
76,INTRDY_2020-12-18_1800,12-18-2020,12-18-2020,Operational Capacity,18:00,09:00,59081,"Cytec Industries, Inc.",,Delivery,Delivery Location,Delivery Point Quantity,MMBtu,N,Y,"3,320","3,320",800,"2,520",EAST TENN,7921323
77,INTRDY_2020-12-18_1800,12-18-2020,12-18-2020,Operational Capacity,18:00,09:00,59082,LENOIR CITY,,Delivery,Delivery Location,Delivery Point Quantity,MMBtu,N,Y,"11,635","11,635","3,911","7,724",EAST TENN,7921323
78,INTRDY_2020-12-18_1800,12-18-2020,12-18-2020,Operational Capacity,18:00,09:00,59083,UCG LYNCHBURG,,Delivery,Delivery Location,Delivery Point Quantity,MMBtu,N,Y,"8,124","8,124",0,"8,124",EAST TENN,7921323
79,INTRDY_2020-12-18_1800,12-18-2020,12-18-2020,Operational Capacity,18:00,09:00,59084,JAMESTOWN,,Delivery,Delivery Location,Delivery Point Quantity,MMBtu,N,Y,"17,190","17,190","2,053","15,137",EAST TENN,7921323
80,INTRDY_2020-12-18_1800,12-18-2020,12-18-2020,Operational Capacity,18:00,09:00,59085,SWEETWATER,,Delivery,Delivery Location,Delivery Point Quantity,MMBtu,N,Y,"12,214","12,214","2,053","10,161",EAST TENN,7921323
81,INTRDY_2020-12-18_1800,12-18-2020,12-18-2020,Operational Capacity,18:00,09:00,59086,CGU WARTBURG,,Delivery,Delivery Location,Delivery Point Quantity,MMBtu,N,Y,"3,595","3,595","3,135",460,EAST TENN,7921323
82,INTRDY_2020-12-18_1800,12-18-2020,12-18-2020,Operational Capacity,18:00,09:00,59087,LIVINGSTON,,Delivery,Delivery Location,Delivery Point Quantity,MMBtu,N,Y,"16,728","16,728","2,053","14,675",EAST TENN,7921323
83,INTRDY_2020-12-18_1800,12-18-2020,12-18-2020,Operational Capacity,18:00,09:00,59088,ERPUD SEWANEE,,Delivery,Delivery Location,Delivery Point Quantity,MMBtu,N,Y,"3,078","3,078","1,250","1,828",EAST TENN,7921323
84,INTRDY_2020-12-18_1800,12-18-2020,12-18-2020,Operational Capacity,18:00,09:00,59090,OLIN,,Delivery,Delivery Location,Delivery Point Quantity,MMBtu,N,Y,"7,893","7,893",150,"7,743",EAST TENN,7921323
85,INTRDY_2020-12-18_1800,12-18-2020,12-18-2020,Operational Capacity,18:00,09:00,59091,MT PLEASANT EAST,,Delivery,Delivery Location,Delivery Point Quantity,MMBtu,N,Y,"3,320","3,320","1,760","1,560",EAST TENN,7921323
86,INTRDY_2020-12-18_1800,12-18-2020,12-18-2020,Operational Capacity,18:00,09:00,59092,GAINESBORO,,Delivery,Delivery Location,Delivery Point Quantity,MMBtu,N,Y,"5,000","5,000",0,"5,000",EAST TENN,7921323
87,INTRDY_2020-12-18_1800,12-18-2020,12-18-2020,Operational Capacity,18:00,09:00,59096,TANG,,Delivery,Delivery Location,Delivery Point Quantity,MMBtu,N,Y,"1,619","1,619",375,"1,244",EAST TENN,7921323
88,INTRDY_2020-12-18_1800,12-18-2020,12-18-2020,Operational Capacity,18:00,09:00,59097,PCUD OLIVER SPRINGS,,Delivery,Delivery Location,Delivery Point Quantity,MMBtu,N,Y,"7,189","7,189",0,"7,189",EAST TENN,7921323
89,INTRDY_2020-12-18_1800,12-18-2020,12-18-2020,Operational Capacity,18:00,09:00,59098,MONSANTO,,Delivery,Delivery Location,Delivery Point Quantity,MMBtu,N,Y,"2,496","2,496",0,"2,496",EAST TENN,7921323
90,INTRDY_2020-12-18_1800,12-18-2020,12-18-2020,Operational Capacity,18:00,09:00,59099,ENGLEWOOD,,Delivery,Delivery Location,Delivery Point Quantity,MMBtu,N,Y,"1,321","1,321",147,"1,174",EAST TENN,7921323
91,INTRDY_2020-12-18_1800,12-18-2020,12-18-2020,Operational Capacity,18:00,09:00,59102,MONTEAGLE,,Delivery,Delivery Location,Delivery Point Quantity,MMBtu,N,Y,"1,298","1,298",0,"1,298",EAST TENN,7921323
92,INTRDY_2020-12-18_1800,12-18-2020,12-18-2020,Operational Capacity,18:00,09:00,59103,UCG ROCKFORD NORTH,,Delivery,Delivery Location,Delivery Point Quantity,MMBtu,N,Y,"1,049","1,049",0,"1,049",EAST TENN,7921323
93,INTRDY_2020-12-18_1800,12-18-2020,12-18-2020,Operational Capacity,18:00,09:00,59104,UCG LYNCHBURG PORTABLE (FUEL),,Delivery,Delivery Location,Delivery Point Quantity,MMBtu,N,Y,"1,870","1,870",0,"1,870",EAST TENN,7921323
94,INTRDY_2020-12-18_1800,12-18-2020,12-18-2020,Operational Capacity,18:00,09:00,59105,ROANOKE CAVE SPRINGS,,Delivery,Delivery Location,Delivery Point Quantity,MMBtu,N,Y,"22,682","22,682",55,"22,627",EAST TENN,7921323
95,INTRDY_2020-12-18_1800,12-18-2020,12-18-2020,Operational Capacity,18:00,09:00,59106,CHAT HUNTER RD,,Delivery,Delivery Location,Delivery Point Quantity,MMBtu,N,Y,"2,432","2,432",225,"2,207",EAST TENN,7921323
96,INTRDY_2020-12-18_1800,12-18-2020,12-18-2020,Operational Capacity,18:00,09:00,59107,TENNESSEE EASTMAN 2,,Delivery,Delivery Location,Delivery Point Quantity,MMBtu,N,Y,"3,197","3,197",172,"3,025",EAST TENN,7921323
97,INTRDY_2020-12-18_1800,12-18-2020,12-18-2020,Operational Capacity,18:00,09:00,59108,CHAT VOLUNTEER ORDINANCE,,Delivery,Delivery Location,Delivery Point Quantity,MMBtu,N,Y,"41,986","41,986",89,"41,897",EAST TENN,7921323
98,INTRDY_2020-12-18_1800,12-18-2020,12-18-2020,Operational Capacity,18:00,09:00,59109,UCG MOTLOW,,Delivery,Delivery Location,Delivery Point Quantity,MMBtu,N,Y,"1,251","1,251",0,"1,251",EAST TENN,7921323
99,INTRDY_2020-12-18_1800,12-18-2020,12-18-2020,Operational Capacity,18:00,09:00,59110,ROANOKE ELLISTON,,Delivery,Delivery Location,Delivery Point Quantity,MMBtu,N,Y,"3,091","3,091",129,"2,962",EAST TENN,7921323
100,INTRDY_2020-12-18_1800,12-18-2020,12-18-2020,Operational Capacity,18:00,09:00,59111,MTUD HOLIDAY INN,,Delivery,Delivery Location,Delivery Point Quantity,MMBtu,N,Y,"1,619","1,619",0,"1,619",EAST TENN,7921323
101,INTRDY_2020-12-18_1800,12-18-2020,12-18-2020,Operational Capacity,18:00,09:00,59112,UCG FOOTHILLS POINTE,,Delivery,Delivery Location,Delivery Point Quantity,MMBtu,N,Y,"2,419","2,419",0,"2,419",EAST TENN,7921323
102,INTRDY_2020-12-18_1800,12-18-2020,12-18-2020,Operational Capacity,18:00,09:00,59113,LOUDON VONORE,,Delivery,Delivery Location,Delivery Point Quantity,MMBtu,N,Y,"6,797","6,797","1,193","5,604",EAST TENN,7921323
103,INTRDY_2020-12-18_1800,12-18-2020,12-18-2020,Operational Capacity,18:00,09:00,59114,MADISONVILLE,,Delivery,Delivery Location,Delivery Point Quantity,MMBtu,N,Y,"2,374","2,374",978,"1,396",EAST TENN,7921323
104,INTRDY_2020-12-18_1800,12-18-2020,12-18-2020,Operational Capacity,18:00,09:00,59115,UCG LOWLAND,,Delivery,Delivery Location,Delivery Point Quantity,MMBtu,N,Y,"3,197","3,197",0,"3,197",EAST TENN,7921323
105,INTRDY_2020-12-18_1800,12-18-2020,12-18-2020,Operational Capacity,18:00,09:00,59116,UCG MARION EAST,,Delivery,Delivery Location,Delivery Point Quantity,MMBtu,N,Y,"17,190","17,190",0,"17,190",EAST TENN,7921323
106,INTRDY_2020-12-18_1800,12-18-2020,12-18-2020,Operational Capacity,18:00,09:00,59117,UCG ABINGDON EAST,,Delivery,Delivery Location,Delivery Point Quantity,MMBtu,N,Y,"7,189","7,189",0,"7,189",EAST TENN,7921323
107,INTRDY_2020-12-18_1800,12-18-2020,12-18-2020,Operational Capacity,18:00,09:00,59118,UCG RADFORD EAST,,Delivery,Delivery Location,Delivery Point Quantity,MMBtu,N,Y,"3,726","14,774",0,"14,774",EAST TENN,7921323
108,INTRDY_2020-12-18_1800,12-18-2020,12-18-2020,Operational Capacity,18:00,09:00,59119,UCG GLADE SPRINGS,,Delivery,Delivery Location,Delivery Point Quantity,MMBtu,N,Y,"7,189","7,189",0,"7,189",EAST TENN,7921323
109,INTRDY_2020-12-18_1800,12-18-2020,12-18-2020,Operational Capacity,18:00,09:00,59120,UCG MARION NORTH,,Delivery,Delivery Location,Delivery Point Quantity,MMBtu,N,Y,"3,689","3,689",0,"3,689",EAST TENN,7921323
110,INTRDY_2020-12-18_1800,12-18-2020,12-18-2020,Operational Capacity,18:00,09:00,59121,UCG CHILHOWIE,,Delivery,Delivery Location,Delivery Point Quantity,MMBtu,N,Y,"3,595","3,595",0,"3,595",EAST TENN,7921323
111,INTRDY_2020-12-18_1800,12-18-2020,12-18-2020,Operational Capacity,18:00,09:00,59122,UCG RURAL RETREAT,,Delivery,Delivery Location,Delivery Point Quantity,MMBtu,N,Y,"25,317","25,317",0,"25,317",EAST TENN,7921323
112,INTRDY_2020-12-18_1800,12-18-2020,12-18-2020,Operational Capacity,18:00,09:00,59124,UCG KINGSPORT REGIONAL,,Delivery,Delivery Location,Delivery Point Quantity,MMBtu,N,Y,"26,409","26,409",0,"26,409",EAST TENN,7921323
113,INTRDY_2020-12-18_1800,12-18-2020,12-18-2020,Operational Capacity,18:00,09:00,59125,UCG MORTON,,Delivery,Delivery Location,Delivery Point Quantity,MMBtu,N,Y,"4,801","4,801",0,"4,801",EAST TENN,7921323
114,INTRDY_2020-12-18_1800,12-18-2020,12-18-2020,Operational Capacity,18:00,09:00,59126,UCG GRAY,,Delivery,Delivery Location,Delivery Point Quantity,MMBtu,N,Y,"26,409","26,409",0,"26,409",EAST TENN,7921323
115,INTRDY_2020-12-18_1800,12-18-2020,12-18-2020,Operational Capacity,18:00,09:00,59127,UCG TRI CITIES,,Delivery,Delivery Location,Delivery Point Quantity,MMBtu,N,Y,"3,689","3,689",0,"3,689",EAST TENN,7921323
116,INTRDY_2020-12-18_1800,12-18-2020,12-18-2020,Operational Capacity,18:00,09:00,59128,UCG MILLER PARK,,Delivery,Delivery Location,Delivery Point Quantity,MMBtu,N,Y,"26,955","26,955",0,"26,955",EAST TENN,7921323
117,INTRDY_2020-12-18_1800,12-18-2020,12-18-2020,Operational Capacity,18:00,09:00,59129,UCG BOONES CREEK,,Delivery,Delivery Location,Delivery Point Quantity,MMBtu,N,Y,"50,634","50,634",0,"50,634",EAST TENN,7921323
118,INTRDY_2020-12-18_1800,12-18-2020,12-18-2020,Operational Capacity,18:00,09:00,59130,UCG ABINGDON,,Delivery,Delivery Location,Delivery Point Quantity,MMBtu,N,Y,"18,088","18,088","1,173","16,915",EAST TENN,7921323
119,INTRDY_2020-12-18_1800,12-18-2020,12-18-2020,Operational Capacity,18:00,09:00,59131,KUB SOUTH,,Delivery,Delivery Location,Delivery Point Quantity,MMBtu,N,Y,"2,712","2,712",0,"2,712",EAST TENN,7921323
120,INTRDY_2020-12-18_1800,12-18-2020,12-18-2020,Operational Capacity,18:00,09:00,59134,MTUD FRANKLIN,,Delivery,Delivery Location,Delivery Point Quantity,MMBtu,N,Y,"16,728","16,728",806,"15,922",EAST TENN,7921323
121,INTRDY_2020-12-18_1800,12-18-2020,12-18-2020,Operational Capacity,18:00,09:00,59141,ATHENS RICEVILLE,,Delivery,Delivery Location,Delivery Point Quantity,MMBtu,N,Y,"13,181","13,181","1,030","12,151",EAST TENN,7921323
122,INTRDY_2020-12-18_1800,12-18-2020,12-18-2020,Operational Capacity,18:00,09:00,59142,CHAT EAST BRAINERD,,Delivery,Delivery Location,Delivery Point Quantity,MMBtu,N,Y,"18,211","18,211",89,"18,122",EAST TENN,7921323
123,INTRDY_2020-12-18_1800,12-18-2020,12-18-2020,Operational Capacity,18:00,09:00,59143,LOUDON NORTH,,Delivery,Delivery Location,Delivery Point Quantity,MMBtu,N,Y,"16,258","16,258","5,133","11,125",EAST TENN,7921323
124,INTRDY_2020-12-18_1800,12-18-2020,12-18-2020,Operational Capacity,18:00,09:00,59144,SEVIER SEYMOUR,,Delivery,Delivery Location,Delivery Point Quantity,MMBtu,N,Y,"2,419","2,419","1,000","1,419",EAST TENN,7921323
125,INTRDY_2020-12-18_1800,12-18-2020,12-18-2020,Operational Capacity,18:00,09:00,59145,UCG MARYVILLE WEST,,Delivery,Delivery Location,Delivery Point Quantity,MMBtu,N,Y,"41,980","41,980","4,889","37,091",EAST TENN,7921323
126,INTRDY_2020-12-18_1800,12-18-2020,12-18-2020,Operational Capacity,18:00,09:00,59147,EARLY GROVE DEL/INJ (BI-D 59009),,Delivery,Delivery Location,Delivery Point Quantity,MMBtu,N,Y,"28,609","28,609",0,"28,609",EAST TENN,7921323
127,INTRDY_2020-12-18_1800,12-18-2020,12-18-2020,Operational Capacity,18:00,09:00,59148,APPALACHIAN CASTLEWOOD DELIVERY,,Delivery,Delivery Location,Delivery Point Quantity,MMBtu,N,Y,"8,222","8,222",0,"8,222",EAST TENN,7921323
128,INTRDY_2020-12-18_1800,12-18-2020,12-18-2020,Operational Capacity,18:00,09:00,59149,MTUD BAXTER,,Delivery,Delivery Location,Delivery Point Quantity,MMBtu,N,Y,"6,594","6,594","1,429","5,165",EAST TENN,7921323
129,INTRDY_2020-12-18_1800,12-18-2020,12-18-2020,Operational Capacity,18:00,09:00,59150,APPALACHIAN LEBANON,,Delivery,Delivery Location,Delivery Point Quantity,MMBtu,N,Y,"7,718","7,718",800,"6,918",EAST TENN,7921323
130,INTRDY_2020-12-18_1800,12-18-2020,12-18-2020,Operational Capacity,18:00,09:00,59151,ETN CHATTANOOGA CHARLESTON,,Delivery,Delivery Location,Delivery Point Quantity,MMBtu,N,Y,"12,857","12,857",0,"12,857",EAST TENN,7921323
131,INTRDY_2020-12-18_1800,12-18-2020,12-18-2020,Operational Capacity,18:00,09:00,59155,UNITED CITIES MORRISTOWN SOUTH,,Delivery,Delivery Location,Delivery Point Quantity,MMBtu,N,Y,"12,477","12,477","4,301","8,176",EAST TENN,7921323
132,INTRDY_2020-12-18_1800,12-18-2020,12-18-2020,Operational Capacity,18:00,09:00,59156,SMELTER SERVICE CORPORATION,,Delivery,Delivery Location,Delivery Point Quantity,MMBtu,N,Y,"3,320","3,320",950,"2,370",EAST TENN,7921323
133,INTRDY_2020-12-18_1800,12-18-2020,12-18-2020,Operational Capacity,18:00,09:00,59157,MORGAN CO 3 DELIVERY- Navitas Utilities,,Delivery,Delivery Location,Delivery Point Quantity,MMBtu,Y,Y,"3,021","3,021",400,"2,621",EAST TENN,7921323
134,INTRDY_2020-12-18_1800,12-18-2020,12-18-2020,Operational Capacity,18:00,09:00,59158,SEVIER COUNTY UTILITY DISTRICT,,Delivery,Delivery Location,Delivery Point Quantity,MMBtu,N,Y,"21,100","21,100","7,423","13,677",EAST TENN,7921323
135,INTRDY_2020-12-18_1800,12-18-2020,12-18-2020,Operational Capacity,18:00,09:00,59159,LOUDON East,,Delivery,Delivery Location,Delivery Point Quantity,MMBtu,N,Y,"2,672","2,672","1,287","1,385",EAST TENN,7921323
136,INTRDY_2020-12-18_1800,12-18-2020,12-18-2020,Operational Capacity,18:00,09:00,59161,DUNLAP NATURAL GAS,,Delivery,Delivery Location,Delivery Point Quantity,MMBtu,N,Y,"6,493","6,493","2,053","4,440",EAST TENN,7921323
137,INTRDY_2020-12-18_1800,12-18-2020,12-18-2020,Operational Capacity,18:00,09:00,59162,Middle Tennessee Nat Gas Utility Dist,,Delivery,Delivery Location,Delivery Point Quantity,MMBtu,N,Y,"3,595","3,595",390,"3,205",EAST TENN,7921323
138,INTRDY_2020-12-18_1800,12-18-2020,12-18-2020,Operational Capacity,18:00,09:00,59163,MORGAN COUNTY 1 (BI 59012),,Delivery,Delivery Location,Delivery Point Quantity,MMBtu,N,Y,"14,305","14,305",0,"14,305",EAST TENN,7921323
139,INTRDY_2020-12-18_1800,12-18-2020,12-18-2020,Operational Capacity,18:00,09:00,59165,SUGAR HOLLOW SALES,,Delivery,Delivery Location,Delivery Point Quantity,MMBtu,N,Y,"4,186","4,186",0,"4,186",EAST TENN,7921323
140,INTRDY_2020-12-18_1800,12-18-2020,12-18-2020,Operational Capacity,18:00,09:00,59166,LOUDON SOUTH,,Delivery,Delivery Location,Delivery Point Quantity,MMBtu,N,Y,"3,681","3,681",0,"3,681",EAST TENN,7921323
141,INTRDY_2020-12-18_1800,12-18-2020,12-18-2020,Operational Capacity,18:00,09:00,59167,COOKEVILLE EAST,,Delivery,Delivery Location,Delivery Point Quantity,MMBtu,N,Y,"16,258","16,258",0,"16,258",EAST TENN,7921323
142,INTRDY_2020-12-18_1800,12-18-2020,12-18-2020,Operational Capacity,18:00,09:00,59168,PCUD LAFOLLETTE,,Delivery,Delivery Location,Delivery Point Quantity,MMBtu,N,Y,"25,317","25,317","4,638","20,679",EAST TENN,7921323
143,INTRDY_2020-12-18_1800,12-18-2020,12-18-2020,Operational Capacity,18:00,09:00,59169,MOHAWK,,Delivery,Delivery Location,Delivery Point Quantity,MMBtu,N,Y,"12,360","12,360","4,790","7,570",EAST TENN,7921323
144,INTRDY_2020-12-18_1800,12-18-2020,12-18-2020,Operational Capacity,18:00,09:00,59177,OAK GROVE,,Delivery,Delivery Location,Delivery Point Quantity,MMBtu,N,Y,"15,808","15,808","3,228","12,580",EAST TENN,7921323
145,INTRDY_2020-12-18_1800,12-18-2020,12-18-2020,Operational Capacity,18:00,09:00,59178,US GYPSUM,,Delivery,Delivery Location,Delivery Point Quantity,MMBtu,N,Y,"25,000","28,053","9,522","18,531",EAST TENN,7921323
146,INTRDY_2020-12-18_1800,12-18-2020,12-18-2020,Operational Capacity,18:00,09:00,59179,ORUD KINGSTON,,Delivery,Delivery Location,Delivery Point Quantity,MMBtu,N,Y,"25,317","25,317",0,"25,317",EAST TENN,7921323
147,INTRDY_2020-12-18_1800,12-18-2020,12-18-2020,Operational Capacity,18:00,09:00,59181,MORGANTON CEMETERY ROAD,,Delivery,Delivery Location,Delivery Point Quantity,MMBtu,N,Y,"2,419","2,419",0,"2,419",EAST TENN,7921323
148,INTRDY_2020-12-18_1800,12-18-2020,12-18-2020,Operational Capacity,18:00,09:00,59182,BEDFORD COUNTY UTILITY DISTRICT,,Delivery,Delivery Location,Delivery Point Quantity,MMBtu,Y,Y,"6,009","6,009",600,"5,409",EAST TENN,7921323
149,INTRDY_2020-12-18_1800,12-18-2020,12-18-2020,Operational Capacity,18:00,09:00,59183,Fayetteville Gas System,,Delivery,Delivery Location,Delivery Point Quantity,MMBtu,N,Y,"20,849","20,894","6,041","14,853",EAST TENN,7921323
150,INTRDY_2020-12-18_1800,12-18-2020,12-18-2020,Operational Capacity,18:00,09:00,59184,ROYAL ORDNANCE-HOLSTON ARMY AMMUNITION PLANT,,Delivery,Delivery Location,Delivery Point Quantity,MMBtu,N,Y,"7,063","7,063",0,"7,063",EAST TENN,7921323
151,INTRDY_2020-12-18_1800,12-18-2020,12-18-2020,Operational Capacity,18:00,09:00,59185,UCG - GLADE HIGHLANDS,,Delivery,Delivery Location,Delivery Point Quantity,MMBtu,N,Y,"10,390","10,390",0,"10,390",EAST TENN,7921323
152,INTRDY_2020-12-18_1800,12-18-2020,12-18-2020,Operational Capacity,18:00,09:00,59186,"ETOWAH METER STATION - MCMINN CO., TN",,Delivery,Delivery Location,Delivery Point Quantity,MMBtu,N,Y,"20,849","20,849","5,500","15,349",EAST TENN,7921323
153,INTRDY_2020-12-18_1800,12-18-2020,12-18-2020,Operational Capacity,18:00,09:00,59187,HAWKINS CO. #2,,Delivery,Delivery Location,Delivery Point Quantity,MMBtu,N,Y,"15,285","15,285",621,"14,664",EAST TENN,7921323
154,INTRDY_2020-12-18_1800,12-18-2020,12-18-2020,Operational Capacity,18:00,09:00,59188,"Oak Ridge - ROANE CO., TN",,Delivery,Delivery Location,Delivery Point Quantity,MMBtu,N,Y,"17,190","17,190",0,"17,190",EAST TENN,7921323
155,INTRDY_2020-12-18_1800,12-18-2020,12-18-2020,Operational Capacity,18:00,09:00,59189,Lewisburg Gas - Industrial Park,,Delivery,Delivery Location,Delivery Point Quantity,MMBtu,N,Y,"24,533","24,533",300,"24,233",EAST TENN,7921323
156,INTRDY_2020-12-18_1800,12-18-2020,12-18-2020,Operational Capacity,18:00,09:00,59190,"MD RECYCLING TECHNOLOGIES - GREENE CO., TN",,Delivery,Delivery Location,Delivery Point Quantity,MMBtu,N,Y,"7,765","7,765",0,"7,765",EAST TENN,7921323
157,INTRDY_2020-12-18_1800,12-18-2020,12-18-2020,Operational Capacity,18:00,09:00,59192,United Cities - Wolf Hills Power Plant,,Delivery,Delivery Location,Delivery Point Quantity,MMBtu,N,Y,"104,965","104,965","7,500","97,465",EAST TENN,7921323
158,INTRDY_2020-12-18_1800,12-18-2020,12-18-2020,Operational Capacity,18:00,09:00,59193,"UCG, Progress Park - Wythe Co., VA",,Delivery,Delivery Location,Delivery Point Quantity,MMBtu,N,Y,"10,390","10,390",0,"10,390",EAST TENN,7921323
159,INTRDY_2020-12-18_1800,12-18-2020,12-18-2020,Operational Capacity,18:00,09:00,59196,"ROANOKE West Salem-Roanoke Co., VA",,Delivery,Delivery Location,Delivery Point Quantity,MMBtu,N,Y,"22,681","22,681","2,142","20,539",EAST TENN,7921323
160,INTRDY_2020-12-18_1800,12-18-2020,12-18-2020,Operational Capacity,18:00,09:00,59197,"Marion Natural Gas - Marion Co., Tn",,Delivery,Delivery Location,Delivery Point Quantity,MMBtu,N,Y,"59,205","59,205",0,"59,205",EAST TENN,7921323
161,INTRDY_2020-12-18_1800,12-18-2020,12-18-2020,Operational Capacity,18:00,09:00,59198,Rogersville M&R,,Receipt,Receipt Location,Receipt Point Quantity,MMBtu,N,Y,"25,924","25,924","10,468","15,456",EAST TENN,7921323
162,INTRDY_2020-12-18_1800,12-18-2020,12-18-2020,Operational Capacity,18:00,09:00,59199,"Thomas A. Smith Energy Facility-Murray Co., GA",,Delivery,Delivery Location,Delivery Point Quantity,MMBtu,N,Y,"264,937","264,937","31,834","233,103",EAST TENN,7921323
163,INTRDY_2020-12-18_1800,12-18-2020,12-18-2020,Operational Capacity,18:00,09:00,59200,"SONAT MURRAY LATERAL - WHITFIELD CO., GA",,Receipt,Receipt Location,Receipt Point Quantity,MMBtu,N,Y,"277,664","277,664","20,938","256,726",EAST TENN,7921323
164,INTRDY_2020-12-18_1800,12-18-2020,12-18-2020,Operational Capacity,18:00,09:00,59201,"MTNG/MCMINN CO. INTERCONNECT-MCMINN CO., TN",,Delivery,Delivery Location,Delivery Point Quantity,MMBtu,N,Y,"20,600","20,600","9,188","11,412",EAST TENN,7921323
165,INTRDY_2020-12-18_1800,12-18-2020,12-18-2020,Operational Capacity,18:00,09:00,59203,"Dalton Gas-Cartersville - Whitfield, GA",,Delivery,Delivery Location,Delivery Point Quantity,MMBtu,Y,Y,"30,850","30,850","6,450","24,400",EAST TENN,7921323
166,INTRDY_2020-12-18_1800,12-18-2020,12-18-2020,Operational Capacity,18:00,09:00,59204,Transco - Cascade Creek (delivery),,Delivery,Delivery Location,Delivery Point Quantity,MMBtu,N,Y,"627,680","627,680","254,069","373,611",EAST TENN,7921323
167,INTRDY_2020-12-18_1800,12-18-2020,12-18-2020,Operational Capacity,18:00,09:00,59206,TENNESSEE EASTMAN CHEMICAL CORP,,Delivery,Delivery Location,Delivery Point Quantity,MMBtu,N,Y,"170,980","196,408","44,238","152,170",EAST TENN,7921323
168,INTRDY_2020-12-18_1800,12-18-2020,12-18-2020,Operational Capacity,18:00,09:00,59208,"LEWISBURG IND. GLOBE RD - MARSHALL CO, TN",,Delivery,Delivery Location,Delivery Point Quantity,MMBtu,N,Y,"24,533","24,533",200,"24,333",EAST TENN,7921323
169,INTRDY_2020-12-18_1800,12-18-2020,12-18-2020,Operational Capacity,18:00,09:00,59209,"United Salt - Evaporator Fuel Gas - Smyth Co., VA",,Delivery,Delivery Location,Delivery Point Quantity,MMBtu,N,Y,"3,176","3,176",0,"3,176",EAST TENN,7921323
170,INTRDY_2020-12-18_1800,12-18-2020,12-18-2020,Operational Capacity,18:00,09:00,59210,"Citizens Gas/Coal Hill Morgan Co, TN",,Delivery,Delivery Location,Delivery Point Quantity,MMBtu,N,Y,"6,597","6,597",0,"6,597",EAST TENN,7921323
171,INTRDY_2020-12-18_1800,12-18-2020,12-18-2020,Operational Capacity,18:00,09:00,59212,"CITIZENS GAS #2 - DEER LODGE - MORGAN COUNTY, TN",,Delivery,Delivery Location,Delivery Point Quantity,MMBtu,N,Y,"14,305","14,305",0,"14,305",EAST TENN,7921323
172,INTRDY_2020-12-18_1800,12-18-2020,12-18-2020,Operational Capacity,18:00,09:00,59213,MARION,,Delivery,Delivery Location,Delivery Point Quantity,MMBtu,N,Y,"7,213","7,213",0,"7,213",EAST TENN,7921323
173,INTRDY_2020-12-18_1800,12-18-2020,12-18-2020,Operational Capacity,18:00,09:00,59214,WYTHEVILLE,,Delivery,Delivery Location,Delivery Point Quantity,MMBtu,N,Y,"7,213","7,213",0,"7,213",EAST TENN,7921323
174,INTRDY_2020-12-18_1800,12-18-2020,12-18-2020,Operational Capacity,18:00,09:00,59215,Pulaski,,Delivery,Delivery Location,Delivery Point Quantity,MMBtu,N,Y,"7,213","7,213",0,"7,213",EAST TENN,7921323
175,INTRDY_2020-12-18_1800,12-18-2020,12-18-2020,Operational Capacity,18:00,09:00,59216,DUBLIN,,Delivery,Delivery Location,Delivery Point Quantity,MMBtu,N,Y,"7,213","7,213",0,"7,213",EAST TENN,7921323
176,INTRDY_2020-12-18_1800,12-18-2020,12-18-2020,Operational Capacity,18:00,09:00,59217,RADFORD,,Delivery,Delivery Location,Delivery Point Quantity,MMBtu,N,Y,"7,213","7,213",0,"7,213",EAST TENN,7921323
177,INTRDY_2020-12-18_1800,12-18-2020,12-18-2020,Operational Capacity,18:00,09:00,59218,"Piedmont/Hendersonville, Sumner Co, TN.",,Delivery,Delivery Location,Delivery Point Quantity,MMBtu,N,Y,"25,750","25,750","10,000","15,750",EAST TENN,7921323
178,INTRDY_2020-12-18_1800,12-18-2020,12-18-2020,Operational Capacity,18:00,09:00,59219,TVA - John Sevier,,Delivery,Delivery Location,Delivery Point Quantity,MMBtu,N,Y,"432,000","432,000","83,691","348,309",EAST TENN,7921323
179,INTRDY_2020-12-18_1800,12-18-2020,12-18-2020,Operational Capacity,18:00,09:00,59220,CNX Gas - Morgan County #10,,Receipt,Receipt Location,Receipt Point Quantity,MMBtu,N,Y,"3,595","3,595",0,"3,595",EAST TENN,7921323
180,INTRDY_2020-12-18_1800,12-18-2020,12-18-2020,Operational Capacity,18:00,09:00,59221,"Lenoir City/Highway 321, Loudon Co., TN",,Delivery,Delivery Location,Delivery Point Quantity,MMBtu,N,Y,"3,900","3,900",0,"3,900",EAST TENN,7921323
181,INTRDY_2020-12-18_1800,12-18-2020,12-18-2020,Operational Capacity,18:00,09:00,59222,SALTVILLE DELIVERY INTO P-25,,Receipt,Receipt Location,Receipt Point Quantity,MMBtu,N,Y,"61,348","61,348",0,"61,348",EAST TENN,7921323
182,INTRDY_2020-12-18_1800,12-18-2020,12-18-2020,Operational Capacity,18:00,09:00,59224,"Industrial Development Authority-Hillsville-Carroll Co., VA",,Delivery,Delivery Location,Delivery Point Quantity,MMBtu,N,Y,"4,700","4,700",399,"4,301",EAST TENN,7921323
183,INTRDY_2020-12-18_1800,12-18-2020,12-18-2020,Operational Capacity,18:00,09:00,59225,"CW-KINGSPORT EXPANSION EASTMAN #2, SULLIVAN, TN",,Delivery,Delivery Location,Delivery Point Quantity,MMBtu,N,Y,"309,000","375,524","47,025","328,499",EAST TENN,7921323
184,INTRDY_2020-12-18_1800,12-18-2020,12-18-2020,Operational Capacity,18:00,09:00,59227,KUB TOPSIDE INTERCONNECT,,Delivery,Delivery Location,Delivery Point Quantity,MMBtu,N,Y,"60,834","63,993","9,457","54,536",EAST TENN,7921323
185,INTRDY_2020-12-18_1800,12-18-2020,12-18-2020,Operational Capacity,18:00,09:00,59229,"EAST TN GAS - MT. PLEASANT, TN -DEL (B/D 59329)",,Delivery,Delivery Location,Delivery Point Quantity,MMBtu,N,Y,"367,700","367,700",0,"367,700",EAST TENN,7921323
186,INTRDY_2020-12-18_1800,12-18-2020,12-18-2020,Operational Capacity,18:00,09:00,59233,Wacker Chemie,,Delivery,Delivery Location,Delivery Point Quantity,MMBtu,Y,Y,"22,540","26,235","4,008","22,227",EAST TENN,7921323
187,INTRDY_2020-12-18_1800,12-18-2020,12-18-2020,Operational Capacity,18:00,09:00,59243,"Appalachian Natural Gas/AEP Clinch River-Rusian Rd.-Russell Co., V",,Delivery,Delivery Location,Delivery Point Quantity,MMBtu,N,Y,"441,761","469,159",250,"468,909",EAST TENN,7921323
188,INTRDY_2020-12-18_1800,12-18-2020,12-18-2020,Operational Capacity,18:00,09:00,59244,"City of Mount Pleasant, TN-Sam Watkins Blvd.-Maury Co., TN",,Delivery,Delivery Location,Delivery Point Quantity,MMBtu,N,Y,"3,021","3,133","2,000","1,133",EAST TENN,7921323
189,INTRDY_2020-12-18_1800,12-18-2020,12-18-2020,Operational Capacity,18:00,09:00,59245,"Athens Utilities Board-CR 406 City Gate-McMinn Co., TN",,Delivery,Delivery Location,Delivery Point Quantity,MMBtu,N,Y,"6,100","6,100",0,"6,100",EAST TENN,7921323
190,INTRDY_2020-12-18_1800,12-18-2020,12-18-2020,Operational Capacity,18:00,09:00,59246,"Tate and Lyle, Loudon Co., TN",,Delivery,Delivery Location,Delivery Point Quantity,MMBtu,N,Y,"40,000","40,000","19,845","20,155",EAST TENN,7921323
191,INTRDY_2020-12-18_1800,12-18-2020,12-18-2020,Operational Capacity,18:00,09:00,59247,Atmos Energy Radford Army Ammunition Plant - Walton Road- Montgome,,Delivery,Delivery Location,Delivery Point Quantity,MMBtu,N,Y,"21,000","21,000","8,899","12,101",EAST TENN,7921323
192,INTRDY_2020-12-18_1800,12-18-2020,12-18-2020,Operational Capacity,18:00,09:00,59248,"KUB/Tipton Station Road Delivery - Knox Co., TN",,Delivery,Delivery Location,Delivery Point Quantity,MMBtu,N,Y,"47,380","47,380","39,336","8,044",EAST TENN,7921323
193,INTRDY_2020-12-18_1800,12-18-2020,12-18-2020,Operational Capacity,18:00,09:00,59250,"Atmos Energy/Bobo Hollow Road Delivery - Moore Co., TN.",,Delivery,Delivery Location,Delivery Point Quantity,MMBtu,N,Y,"15,450","15,450",0,"15,450",EAST TENN,7921323
194,INTRDY_2020-12-18_1800,12-18-2020,12-18-2020,Operational Capacity,18:00,09:00,59304,Transco - Cascade Creek (receipt),,Receipt,Receipt Location,Receipt Point Quantity,MMBtu,N,Y,"627,680","627,680","25,000","602,680",EAST TENN,7921323
195,INTRDY_2020-12-18_1800,12-18-2020,12-18-2020,Operational Capacity,18:00,09:00,59306,"CLEAR CREEK/FRANKFORT GATHERING-MORGAN CO., TN",,Receipt,Receipt Location,Receipt Point Quantity,MMBtu,N,Y,"3,783","3,783",0,"3,783",EAST TENN,7921323
196,INTRDY_2020-12-18_1800,12-18-2020,12-18-2020,Operational Capacity,18:00,09:00,59311,SONAT BRADLEY,,Receipt,Receipt Location,Receipt Point Quantity,MMBtu,N,Y,"118,409","118,409","8,577","109,832",EAST TENN,7921323
197,INTRDY_2020-12-18_1800,12-18-2020,12-18-2020,Operational Capacity,18:00,09:00,59313,TROUSDALE COUNTY RECEIVING,,Receipt,Receipt Location,Receipt Point Quantity,MMBtu,N,Y,"280,400","280,400","41,500","238,900",EAST TENN,7921323
198,INTRDY_2020-12-18_1800,12-18-2020,12-18-2020,Operational Capacity,18:00,09:00,59315,DICKENSON CO RECEIVING,,Receipt,Receipt Location,Receipt Point Quantity,MMBtu,N,Y,"151,720","151,720","67,062","84,658",EAST TENN,7921323
199,INTRDY_2020-12-18_1800,12-18-2020,12-18-2020,Operational Capacity,18:00,09:00,59320,MORGAN COUNTY 7,,Receipt,Receipt Location,Receipt Point Quantity,MMBtu,N,Y,"14,305","14,305",0,"14,305",EAST TENN,7921323
200,INTRDY_2020-12-18_1800,12-18-2020,12-18-2020,Operational Capacity,18:00,09:00,59326,EQT ENERGY DICKENSON COUNTY 3,,Receipt,Receipt Location,Receipt Point Quantity,MMBtu,N,Y,"73,561","73,561","20,431","53,130",EAST TENN,7921323
201,INTRDY_2020-12-18_1800,12-18-2020,12-18-2020,Operational Capacity,18:00,09:00,59328,TGP 3200 LINE INTERCONNECT,,Receipt,Receipt Location,Receipt Point Quantity,MMBtu,N,Y,"14,305","14,305",0,"14,305",EAST TENN,7921323
202,INTRDY_2020-12-18_1800,12-18-2020,12-18-2020,Operational Capacity,18:00,09:00,59329,"Texas Eastern - Mt. Pleasant, Giles Co., TN",,Receipt,Receipt Location,Receipt Point Quantity,MMBtu,N,Y,"367,700","367,700","126,995","240,705",EAST TENN,7921323
203,INTRDY_2020-12-18_1800,12-18-2020,12-18-2020,Operational Capacity,18:00,09:00,59330,"Texas Eastern - Hartsville, TN",,Receipt,Receipt Location,Receipt Point Quantity,MMBtu,N,Y,"595,390","595,390","53,634","541,756",EAST TENN,7921323
204,INTRDY_2020-12-18_1800,12-18-2020,12-18-2020,Operational Capacity,18:00,09:00,59331,Coastal Hydrocarbons-Overton County #1,,Receipt,Receipt Location,Receipt Point Quantity,MMBtu,N,Y,"3,783","3,783",0,"3,783",EAST TENN,7921323
205,INTRDY_2020-12-18_1800,12-18-2020,12-18-2020,Operational Capacity,18:00,09:00,59332,"Diversified Southern Production LLC, Dickenson #4, Dickinson Count",,Receipt,Receipt Location,Receipt Point Quantity,MMBtu,N,Y,"73,564","73,564","15,400","58,164",EAST TENN,7921323
206,INTRDY_2020-12-18_1800,12-18-2020,12-18-2020,Operational Capacity,18:00,09:00,59334,CNX-Jewell Ridge,,Receipt,Receipt Location,Receipt Point Quantity,MMBtu,N,Y,"313,841","313,841","149,432","164,409",EAST TENN,7921323
207,INTRDY_2020-12-18_1800,12-18-2020,12-18-2020,Operational Capacity,18:00,09:00,59336,"Range Resources-Dickenson Co #2 -DICKENSON CO., VA",,Receipt,Receipt Location,Receipt Point Quantity,MMBtu,N,Y,"43,836","43,836","11,608","32,228",EAST TENN,7921323
208,INTRDY_2020-12-18_1800,12-18-2020,12-18-2020,Operational Capacity,18:00,09:00,59337,Ariana Energy Morgan Co. 9,,Receipt,Receipt Location,Receipt Point Quantity,MMBtu,N,Y,"32,400","32,400","5,475","26,925",EAST TENN,7921323
209,INTRDY_2020-12-18_1800,12-18-2020,12-18-2020,Operational Capacity,18:00,09:00,59338,"GEOMET OPERATING-JEWELL RIDGE-TAZEWELL CO., VA",,Receipt,Receipt Location,Receipt Point Quantity,MMBtu,N,Y,"33,958","33,958","12,068","21,890",EAST TENN,7921323
210,INTRDY_2020-12-18_1800,12-18-2020,12-18-2020,Operational Capacity,18:00,09:00,59339,"MIDWESTERN GAS TRANSMISSION-TROUSDALE INTERCONNECT-TROUSDALE CO.,",,Receipt,Receipt Location,Receipt Point Quantity,MMBtu,N,Y,"184,937","184,937","20,000","164,937",EAST TENN,7921323
211,INTRDY_2020-12-18_1800,12-18-2020,12-18-2020,Operational Capacity,18:00,09:00,59340,"EQT ENERGY -DICKENSON #6-DICKENSON CO.,VA",,Receipt,Receipt Location,Receipt Point Quantity,MMBtu,N,Y,"100,685","100,685",0,"100,685",EAST TENN,7921323
212,INTRDY_2020-12-18_1800,12-18-2020,12-18-2020,Operational Capacity,18:00,09:00,59342,"AGL - Meadow Branch Landfill, McMinn Co., TN",,Receipt,Receipt Location,Receipt Point Quantity,MMBtu,N,Y,"20,550","20,550","1,000","19,550",EAST TENN,7921323
213,INTRDY_2020-12-18_1800,12-18-2020,12-18-2020,Operational Capacity,18:00,09:00,59760,SALTVILLE LLC STORAGE INJECTION,,Storage Injection,Injection Point,Storage injection quantity,MMBtu,N,Y,"537,135","537,135",250,"536,885",EAST TENN,7921323
214,INTRDY_2020-12-18_1800,12-18-2020,12-18-2020,Operational Capacity,18:00,09:00,59766,SALTVILLE STORAGE INJECTION,,Storage Injection,Injection Point,Storage injection quantity,MMBtu,N,Y,"70,885","70,885",0,"70,885",EAST TENN,7921323
215,INTRDY_2020-12-18_1800,12-18-2020,12-18-2020,Operational Capacity,18:00,09:00,59770,SALTVILLE LLC STORAGE WITHDRAWAL,,Storage Withdrawal,Withdrawal Point,Storage withdrawal quantity,MMBtu,N,Y,"537,135","537,135","154,407","382,728",EAST TENN,7921323
216,INTRDY_2020-12-18_1800,12-18-2020,12-18-2020,Operational Capacity,18:00,09:00,59777,SALTVILLE STORAGE WITHDRAWAL,,Storage Withdrawal,Withdrawal Point,Storage withdrawal quantity,MMBtu,N,Y,"70,885","70,885","44,432","26,453",EAST TENN,7921323
