,Loc,Loc Name,Loc St Abbrev,Loc Cnty,Loc Zone,Dir Flo,Loc Stat Ind,Loc Type Ind,Eff Date,Inact Date,TSP,TSP Name,TSP FERC CID,Update D/T,Up/Dn Ind,Up/Dn Name,Up/Dn ID,Up/Dn ID Prop,Up/Dn FERC CID Ind,Up/Dn FERC CID,Up/Dn Loc,Up/Dn Loc Name
0,1,"PARTROY (MORRIS,NJ)",NJ,MORRIS,,D,A,LDC,19930601.0,,6951446,"Algonquin Gas Transmission, LLC",C000084,20190717 06:45:41,Y,NEW JERSEY NATURAL GAS COMPANY,	061843553,,N,,,
1,2,"WATERBURY (NEW HAVEN,CT)",CT,NEW HAVEN,,D,A,LDC,19930601.0,,6951446,"Algonquin Gas Transmission, LLC",C000084,20190717 06:45:44,Y,YANKEE GAS SERVICES COMPANY DBA EVERSOURCE ENERGY,	361667371,,Y,C001021,	00002,"WATERBURY, CT"
2,3,NORTH HAVEN (NEW HAVEN),CT,NEW HAVEN,,D,A,LDC,19930601.0,,6951446,"Algonquin Gas Transmission, LLC",C000084,20190717 06:45:45,Y,"SOUTHERN CONNECTICUT GAS COMPANY, THE",	004945259,,N,,,
3,4,"NATIONAL GRID-DEY ST. (PROVIDENCE,RI)",RI,PROVIDENCE,,D,A,LDC,19930601.0,,6951446,"Algonquin Gas Transmission, LLC",C000084,20190717 06:45:52,Y,THE NARRAGANSETT ELECTRIC COMPANY D/B/A NATIONAL GRID,	001193655,,Y,C001660,	4,DEY ST.
4,5,"WILLIMANTIC (NEW HAVEN, CT)",CT,WINDHAM,,D,A,LDC,19930601.0,,6951446,"Algonquin Gas Transmission, LLC",C000084,20190717 06:45:47,Y,YANKEE GAS SERVICES COMPANY DBA EVERSOURCE ENERGY,	361667371,,Y,C001021,	00005,"WILLIMANTIC, CT"
5,6,"MOHEGAN PARK (NEW LONDON,CT)",CT,NEW LONDON,,D,A,LDC,19930601.0,,6951446,"Algonquin Gas Transmission, LLC",C000084,20200708 12:52:33,Y,"NORWICH, CITY OF, CONNECTICUT, BOARD OF PUBLIC UTILITIES COMMISSIONERS",	060677747,,N,,,
6,7,"WATERFORD (NEW LONDON,CT)",CT,NEW LONDON,,D,A,LDC,19930601.0,,6951446,"Algonquin Gas Transmission, LLC",C000084,20190717 06:45:48,Y,YANKEE GAS SERVICES COMPANY DBA EVERSOURCE ENERGY,	361667371,,Y,C001021,	00007,"WATERFORD, CT"
7,8,"NATIONAL GRID-WESTERLY (WASHINGTON,RI)",RI,WASHINGTON,,D,A,LDC,19930601.0,,6951446,"Algonquin Gas Transmission, LLC",C000084,20190717 06:45:49,Y,THE NARRAGANSETT ELECTRIC COMPANY D/B/A NATIONAL GRID,	001193655,,Y,C001660,	8,WESTERLY
8,9,"PUTNAM (WINDHAM,CT)",CT,WINDHAM,,D,A,LDC,19930601.0,,6951446,"Algonquin Gas Transmission, LLC",C000084,20190717 06:45:48,Y,YANKEE GAS SERVICES COMPANY DBA EVERSOURCE ENERGY,	361667371,,Y,C001021,	00009,"PUTNAM, CT"
9,10,"NATIONAL GRID - E. PROVIDENCE (PROVIDENCE,RI)",RI,PROVIDENCE,,D,A,LDC,19930601.0,,6951446,"Algonquin Gas Transmission, LLC",C000084,20190717 06:45:52,Y,THE NARRAGANSETT ELECTRIC COMPANY D/B/A NATIONAL GRID,	001193655,,Y,C001660,	10,WAMPANOAG TRAIL
10,11,"TAUNTON (BRISTOL, MA)",MA,BRISTOL,,D,A,LDC,19930601.0,,6951446,"Algonquin Gas Transmission, LLC",C000084,20200708 12:51:19,Y,EVERSOURCE GAS COMPANY OF MASSACHUSETTS,	117584378,,N,,,
11,12,"NATIONAL GRID - WARREN (BRISTOL,RI)",RI,BRISTOL,,D,A,LDC,19930601.0,,6951446,"Algonquin Gas Transmission, LLC",C000084,20190717 06:45:53,Y,THE NARRAGANSETT ELECTRIC COMPANY D/B/A NATIONAL GRID,	001193655,,Y,C001660,	12,WARREN
12,13,"NATIONAL GRID- PORTSMOUTH (NEWPORT,RI)",RI,NEWPORT,,D,A,LDC,19930601.0,,6951446,"Algonquin Gas Transmission, LLC",C000084,20190717 06:45:55,Y,THE NARRAGANSETT ELECTRIC COMPANY D/B/A NATIONAL GRID,	001193655,,Y,C001660,	13,PORTSMOUTH
13,15,"FREETOWN (BRISTOL,MA)",MA,BRISTOL,,D,A,LDC,19930601.0,,6951446,"Algonquin Gas Transmission, LLC",C000084,20190717 06:45:54,Y,NSTAR GAS COMPANY DBA EVERSOURCE ENERGY,	075345678,,N,,,
14,16,"NEW ENGLAND GAS COMPANY FALL RIVER (BRISTOL,MA)",MA,BRISTOL,,D,A,LDC,19930601.0,,6951446,"Algonquin Gas Transmission, LLC",C000084,20190717 06:45:55,Y,LIBERTY UTILITIES (NEW ENGLAND NATURAL GAS COMPANY) CORP D/B/A LIBERTY UTILITIES,	,30126.0,N,,,
15,17,"NEW BEDFORD (BRISTOL,MA)",MA,BRISTOL,,D,A,LDC,19930601.0,,6951446,"Algonquin Gas Transmission, LLC",C000084,20190717 06:45:55,Y,NSTAR GAS COMPANY DBA EVERSOURCE ENERGY,	075345678,,N,,,
16,18,"NATIONAL GRID-BOURNE (BARNSTABLE,MA)",MA,BARNSTABLE,,D,A,LDC,19930601.0,,6951446,"Algonquin Gas Transmission, LLC",C000084,20190717 06:45:56,Y,BOSTON GAS COMPANY D/B/A NATIONAL GRID,	006951586,,Y,C001659,	00018,"NATIONAL GRID-BOURNE (BARNSTABLE,MA)"
17,19,"PLYMOUTH (PLYMOUTH,MA)",MA,PLYMOUTH,,D,A,LDC,19930601.0,,6951446,"Algonquin Gas Transmission, LLC",C000084,20190717 06:45:56,Y,NSTAR GAS COMPANY DBA EVERSOURCE ENERGY,	075345678,,N,,,
18,20,"MILFORD (WORCESTER,MA)",MA,WORCESTER,,D,A,LDC,19930601.0,,6951446,"Algonquin Gas Transmission, LLC",C000084,20190717 06:45:50,Y,NSTAR GAS COMPANY DBA EVERSOURCE ENERGY,	075345678,,N,,,
19,21,"NATIONAL GRID- NORWOOD (NORFOLK,MA)",MA,NORFOLK,,D,A,LDC,19930601.0,,6951446,"Algonquin Gas Transmission, LLC",C000084,20190717 06:45:52,Y,BOSTON GAS COMPANY D/B/A NATIONAL GRID,	006951586,,Y,C001659,	21,NORWOOD
20,22,"WESTWOOD (NORFOLK, MA)",MA,NORFOLK,,D,A,LDC,19930601.0,,6951446,"Algonquin Gas Transmission, LLC",C000084,20190717 06:45:51,Y,NSTAR GAS COMPANY DBA EVERSOURCE ENERGY,	075345678,,N,,,
21,23,"NATIONAL GRID- EAST BRAINTREE (NORFOLK,MA)",MA,NORFOLK,,D,A,LDC,19930601.0,,6951446,"Algonquin Gas Transmission, LLC",C000084,20190717 06:45:53,Y,BOSTON GAS COMPANY D/B/A NATIONAL GRID,	006951586,,Y,C001659,	23,EAST BRAINTREE
22,24,"BROCKTON (PLYMOUTH,MA)",MA,PLYMOUTH,,D,A,LDC,19930601.0,,6951446,"Algonquin Gas Transmission, LLC",C000084,20200708 12:51:19,Y,EVERSOURCE GAS COMPANY OF MASSACHUSETTS,	117584378,,N,,,
23,25,"HOPEDALE (NORFOLK,MA)",MA,NORFOLK,,D,A,LDC,19930601.0,,6951446,"Algonquin Gas Transmission, LLC",C000084,20190717 06:45:50,Y,NSTAR GAS COMPANY DBA EVERSOURCE ENERGY,	075345678,,N,,,
24,27,"NATIONAL GRID- EVERETT (MIDDLESEX,MA)",MA,MIDDLESEX,,D,A,LDC,19930601.0,,6951446,"Algonquin Gas Transmission, LLC",C000084,20190717 06:45:54,Y,BOSTON GAS COMPANY D/B/A NATIONAL GRID,	006951586,,Y,C001659,	27,EVERETT
25,28,"BROOKFORD ST (MIDDLESEX,MA)",MA,MIDDLESEX,,D,A,LDC,19930601.0,,6951446,"Algonquin Gas Transmission, LLC",C000084,20200128 10:20:35,Y,NSTAR GAS COMPANY DBA EVERSOURCE ENERGY,	075345678,,N,,,
26,29,"MIDDLEBORO (PLYMOUTH,MA)",MA,PLYMOUTH,,D,A,LDC,19930601.0,,6951446,"Algonquin Gas Transmission, LLC",C000084,20200708 12:52:05,Y,MIDDLEBOROUGH GAS AND ELECTRIC DEPARTMENT,	040803467,,N,,,
27,30,"GUILFORD (NEW HAVEN,CT)",CT,NEW HAVEN,,D,A,LDC,19930601.0,,6951446,"Algonquin Gas Transmission, LLC",C000084,20190717 06:45:46,Y,"SOUTHERN CONNECTICUT GAS COMPANY, THE",	004945259,,N,,,
28,31,"KENNSINGTON (NEW HAVEN,CT)",CT,HARTFORD,,D,A,LDC,19930601.0,,6951446,"Algonquin Gas Transmission, LLC",C000084,20190717 06:45:45,Y,YANKEE GAS SERVICES COMPANY DBA EVERSOURCE ENERGY,	361667371,,Y,C001021,	00031,"KENSINGTON, CT"
29,32,"NATIONAL GRID-WALTHAM (MIDDLESEX,MA)",MA,MIDDLESEX,,D,A,LDC,19930601.0,,6951446,"Algonquin Gas Transmission, LLC",C000084,20190717 06:45:53,Y,BOSTON GAS COMPANY D/B/A NATIONAL GRID,	006951586,,Y,C001659,	32,WALTHAM
30,33,"NATIONAL GRID - TIVERTON (NEWPORT,RI)",RI,NEWPORT,,D,A,LDC,19930601.0,,6951446,"Algonquin Gas Transmission, LLC",C000084,20190717 06:45:55,Y,THE NARRAGANSETT ELECTRIC COMPANY D/B/A NATIONAL GRID,	001193655,,Y,C001660,	33,TIVERTON
31,34,"NEW ENGLAND GAS COMPANY NO. ATTLEBORO (BRISTOL,MA)",MA,BRISTOL,,D,A,LDC,19930601.0,,6951446,"Algonquin Gas Transmission, LLC",C000084,20190717 06:45:50,Y,LIBERTY UTILITIES (NEW ENGLAND NATURAL GAS COMPANY) CORP D/B/A LIBERTY UTILITIES,	,30126.0,N,,,
32,35,"SALEM PIKE (NORWICH, CT)",CT,NEW LONDON,,D,A,LDC,19930601.0,,6951446,"Algonquin Gas Transmission, LLC",C000084,20200708 12:52:33,Y,"NORWICH, CITY OF, CONNECTICUT, BOARD OF PUBLIC UTILITIES COMMISSIONERS",	060677747,,N,,,
33,36,"WEST MEDWAY (NORFOLK,MA)",MA,NORFOLK,,D,A,LDC,19930601.0,,6951446,"Algonquin Gas Transmission, LLC",C000084,20200708 12:51:19,Y,EVERSOURCE GAS COMPANY OF MASSACHUSETTS,	117584378,,N,,,
34,37,"SOUTH ATTLEBORO (BRISTOL, MA)",MA,BRISTOL,,D,A,LDC,19930601.0,,6951446,"Algonquin Gas Transmission, LLC",C000084,20200708 12:51:19,Y,EVERSOURCE GAS COMPANY OF MASSACHUSETTS,	117584378,,N,,,
35,38,"CHARLES RIVER RD (NORFOLK,MA)",MA,NORFOLK,,D,A,LDC,19930601.0,,6951446,"Algonquin Gas Transmission, LLC",C000084,20190717 06:45:51,Y,NSTAR GAS COMPANY DBA EVERSOURCE ENERGY,	075345678,,N,,,
36,39,"SUFFERN (ROCKLAND,NY)",NY,ROCKLAND,,D,A,LDC,19930601.0,,6951446,"Algonquin Gas Transmission, LLC",C000084,20190717 06:45:42,Y,"ORANGE AND ROCKLAND UTILITIES, INC.",	006993406,,Y,C005418,	00039,"SUFFERN (ROCKLAND,NY)"
37,40,"STONY POINT (ROCKLAND,NY)",NY,ROCKLAND,,D,A,LDC,19930601.0,,6951446,"Algonquin Gas Transmission, LLC",C000084,20190717 06:45:42,Y,"ORANGE AND ROCKLAND UTILITIES, INC.",	006993406,,Y,C005418,	00040,"STONY POINT (ROCKLAND,NY)"
38,41,"PEEKSKILL (WESTCHESTER,NY)",NY,WESTCHESTER,,D,A,LDC,19930601.0,,6951446,"Algonquin Gas Transmission, LLC",C000084,20190717 06:45:42,Y,"CONSOLIDATED EDISON COMPANY OF NEW YORK, INC.",	006982359,,N,,,
39,43,"ASHLAND (MIDDLESEX,MA)",MA,MIDDLESEX,,D,A,LDC,19930601.0,,6951446,"Algonquin Gas Transmission, LLC",C000084,20190717 06:45:51,Y,NSTAR GAS COMPANY DBA EVERSOURCE ENERGY,	075345678,,N,,,
40,44,"NATIONAL GRID-BURRILLVILLE (PROVIDENCE,RI)",RI,PROVIDENCE,,D,A,LDC,19930601.0,,6951446,"Algonquin Gas Transmission, LLC",C000084,20190717 06:45:49,Y,THE NARRAGANSETT ELECTRIC COMPANY D/B/A NATIONAL GRID,	001193655,,Y,C001660,	44,BURRILLVILLE
41,45,SOMERS  (WESTCHESTER),NY,WESTCHESTER,,D,A,LDC,19930601.0,,6951446,"Algonquin Gas Transmission, LLC",C000084,20190717 06:45:43,Y,CENTRAL HUDSON GAS & ELECTRIC CORPORATION,	006993695,,N,,,
42,46,"YANTIC (HARTFORD,CT)",CT,NEW LONDON,,D,A,LDC,19930601.0,,6951446,"Algonquin Gas Transmission, LLC",C000084,20200708 12:52:33,Y,"NORWICH, CITY OF, CONNECTICUT, BOARD OF PUBLIC UTILITIES COMMISSIONERS",	060677747,,N,,,
43,47,"CORTLANDT (WESTCHESTER,NY)",NY,WESTCHESTER,,D,A,LDC,19930601.0,,6951446,"Algonquin Gas Transmission, LLC",C000084,20190717 06:45:43,Y,"CONSOLIDATED EDISON COMPANY OF NEW YORK, INC.",	006982359,,N,,,
44,48,"YORKTOWN (WESTCHESTER,NY)",NY,WESTCHESTER,,D,A,LDC,19930601.0,,6951446,"Algonquin Gas Transmission, LLC",C000084,20190717 06:45:43,Y,"CONSOLIDATED EDISON COMPANY OF NEW YORK, INC.",	006982359,,N,,,
45,49,"NEW ENGLAND GAS COMPANY WESTPORT (BRISTOL,MA)",MA,BRISTOL,,D,A,LDC,19930601.0,,6951446,"Algonquin Gas Transmission, LLC",C000084,20190717 06:45:55,Y,LIBERTY UTILITIES (NEW ENGLAND NATURAL GAS COMPANY) CORP D/B/A LIBERTY UTILITIES,	,30126.0,N,,,
46,50,"POMFRET (WINDHAM,CT)",CT,WINDHAM,,D,A,LDC,19930601.0,,6951446,"Algonquin Gas Transmission, LLC",C000084,20190717 06:45:48,Y,YANKEE GAS SERVICES COMPANY DBA EVERSOURCE ENERGY,	361667371,,Y,C001021,	00050,"POMFRET, CT"
47,51,"NATIONAL GRID-SAGAMORE (BARNSTABLE,MA)",MA,BARNSTABLE,,D,A,LDC,19930601.0,,6951446,"Algonquin Gas Transmission, LLC",C000084,20190717 06:45:56,Y,BOSTON GAS COMPANY D/B/A NATIONAL GRID,	006951586,,Y,C001659,	00051,"NATIONAL GRID-SAGAMORE (BARNSTABLE,MA)"
48,52,"NATIONAL GRID-PONKAPOAG (NORFOLK,MA)",MA,NORFOLK,,D,A,LDC,19930601.0,,6951446,"Algonquin Gas Transmission, LLC",C000084,20190717 06:45:53,Y,BOSTON GAS COMPANY D/B/A NATIONAL GRID,	006951586,,Y,C001659,	52,PONKAPOAG
49,53,"NORWICHTOWN (NEW LONDON,CT)",CT,NEW LONDON,,D,A,LDC,19930601.0,,6951446,"Algonquin Gas Transmission, LLC",C000084,20200708 12:52:33,Y,"NORWICH, CITY OF, CONNECTICUT, BOARD OF PUBLIC UTILITIES COMMISSIONERS",	060677747,,N,,,
50,54,"GREENVILLE (NORWICH, CT)",CT,NEW LONDON,,D,I,LDC,,20161220.0,6951446,"Algonquin Gas Transmission, LLC",C000084,20190717 06:45:47,Y,"NORWICH, CITY OF, CONNECTICUT, BOARD OF PUBLIC UTILITIES COMMISSIONERS",	060677747,,N,,,
51,55,"BERNARDS (SOMERSET,NJ)",NJ,SOMERSET,,D,A,LDC,19930601.0,,6951446,"Algonquin Gas Transmission, LLC",C000084,20200401 00:20:49,Y,PUBLIC SERVICE ELECTRIC AND GAS COMPANY (NJ),	006973812,,N,,,
52,56,"MORRIS (MORRIS,NJ)",NJ,MORRIS,,D,A,LDC,19930601.0,,6951446,"Algonquin Gas Transmission, LLC",C000084,20190717 06:45:41,Y,PUBLIC SERVICE ELECTRIC AND GAS COMPANY (NJ),	006973812,,N,,,
53,57,"NATIONAL GRID-WESTON (MIDDLESEX,MA)",MA,MIDDLESEX,,D,A,LDC,19930601.0,,6951446,"Algonquin Gas Transmission, LLC",C000084,20190717 06:45:52,Y,BOSTON GAS COMPANY D/B/A NATIONAL GRID,	006951586,,Y,C001659,	57,WESTON
54,58,"CANTON (NORFOLK,MA)",MA,NORFOLK,,D,A,LDC,19930601.0,,6951446,"Algonquin Gas Transmission, LLC",C000084,20200708 12:51:19,Y,EVERSOURCE GAS COMPANY OF MASSACHUSETTS,	117584378,,N,,,
55,59,"MONTVILLE (NEW LONDON,CT)",CT,NEW LONDON,,D,A,LDC,19930601.0,,6951446,"Algonquin Gas Transmission, LLC",C000084,20190717 06:45:48,Y,YANKEE GAS SERVICES COMPANY DBA EVERSOURCE ENERGY,	361667371,,Y,C001021,	00059,"MONTVILLE, CT"
56,60,"SOUTHINGTON (HARTFORD,CT)",CT,HARTFORD,,D,A,LDC,19930601.0,,6951446,"Algonquin Gas Transmission, LLC",C000084,20190717 06:45:44,Y,YANKEE GAS SERVICES COMPANY DBA EVERSOURCE ENERGY,	361667371,,Y,C001021,	00060,"SOUTHINGTON, CT"
57,61,"WOODLAND RD (NORFOLK,MA)",MA,NORFOLK,,D,A,LDC,19930601.0,,6951446,"Algonquin Gas Transmission, LLC",C000084,20190717 06:45:51,Y,NSTAR GAS COMPANY DBA EVERSOURCE ENERGY,	075345678,,N,,,
58,62,"VERNON (TOLLAND,CT)",CT,TOLLAND,,D,A,LDC,19930601.0,,6951446,"Algonquin Gas Transmission, LLC",C000084,20190717 06:45:46,Y,YANKEE GAS SERVICES COMPANY DBA EVERSOURCE ENERGY,	361667371,,Y,C001021,	00062,"VERNON, CT"
59,63,"DANBURY (FAIRFIELD,CT)",CT,FAIRFIELD,,D,A,LDC,19930601.0,,6951446,"Algonquin Gas Transmission, LLC",C000084,20190717 06:45:43,Y,YANKEE GAS SERVICES COMPANY DBA EVERSOURCE ENERGY,	361667371,,Y,C001021,	00063,"DANBURY, CT"
60,64,"NATIONAL GRID-BARRINGTON (PROVIDENCE,RI)",RI,PROVIDENCE,,D,A,LDC,19930601.0,,6951446,"Algonquin Gas Transmission, LLC",C000084,20190717 06:45:53,Y,THE NARRAGANSETT ELECTRIC COMPANY D/B/A NATIONAL GRID,	001193655,,Y,C001660,	64,BARRINGTON
61,66,"DOVER (NORFOLK,MA)",MA,NORFOLK,,D,A,LDC,19930601.0,,6951446,"Algonquin Gas Transmission, LLC",C000084,20190717 06:45:51,Y,NSTAR GAS COMPANY DBA EVERSOURCE ENERGY,	075345678,,N,,,
62,68,"FARMINGTON (HARTFORD,CT)",CT,HARTFORD,,D,A,LDC,19930601.0,,6951446,"Algonquin Gas Transmission, LLC",C000084,20190717 06:45:45,Y,CONNECTICUT NATURAL GAS CORPORATION,	001139294,,N,,,
63,69,"OXFORD (NEW HAVEN, CT)",CT,NEW HAVEN,,D,A,LDC,19930601.0,,6951446,"Algonquin Gas Transmission, LLC",C000084,20190717 06:45:43,Y,YANKEE GAS SERVICES COMPANY DBA EVERSOURCE ENERGY,	361667371,,Y,C001021,	00069,"OXFORD, CT"
64,71,"NEW ENGLAND GAS COMPANY SWANSEA (BRISTOL,MA)",MA,BRISTOL,,D,A,LDC,19930601.0,,6951446,"Algonquin Gas Transmission, LLC",C000084,20190717 06:45:52,Y,LIBERTY UTILITIES (NEW ENGLAND NATURAL GAS COMPANY) CORP D/B/A LIBERTY UTILITIES,	,30126.0,N,,,
65,72,"PORTLAND (MIDDLESEX,CT)",CT,MIDDLESEX,,D,A,LDC,20010606.0,,6951446,"Algonquin Gas Transmission, LLC",C000084,20190717 06:45:46,Y,CONNECTICUT NATURAL GAS CORPORATION,	001139294,,N,,,
66,74,"NATIONAL GRID-WELLESLEY (NORFOLK,MA)",MA,NORFOLK,,D,A,LDC,19930601.0,,6951446,"Algonquin Gas Transmission, LLC",C000084,20190717 06:45:52,Y,BOSTON GAS COMPANY D/B/A NATIONAL GRID,	006951586,,Y,C001659,	74,WELLESLEY
67,75,"GLASTONBURY (HARTFORD,CT)",CT,HARTFORD,,D,A,LDC,19930601.0,,6951446,"Algonquin Gas Transmission, LLC",C000084,20190717 06:45:46,Y,CONNECTICUT NATURAL GAS CORPORATION,	001139294,,N,,,
68,76,"MANSFIELD (TOLLAND,CT)",CT,TOLLAND,,D,A,LDC,19930601.0,,6951446,"Algonquin Gas Transmission, LLC",C000084,20190717 06:45:47,Y,CONNECTICUT NATURAL GAS CORPORATION,	001139294,,N,,,
69,77,"DEFCO (NEW HAVEN,CT)",CT,NEW HAVEN,,D,A,LDC,19930601.0,,6951446,"Algonquin Gas Transmission, LLC",C000084,20190717 06:45:45,Y,"SOUTHERN CONNECTICUT GAS COMPANY, THE",	004945259,,N,,,
70,78,"CROMWELL (MIDDLESEX,CT)",CT,MIDDLESEX,,D,A,LDC,19930601.0,,6951446,"Algonquin Gas Transmission, LLC",C000084,20190717 06:45:45,Y,CONNECTICUT NATURAL GAS CORPORATION,	001139294,,N,,,
71,79,"SOUTHBURY (NEW HAVEN,CT)",CT,NEW HAVEN,,D,A,LDC,19930601.0,,6951446,"Algonquin Gas Transmission, LLC",C000084,20190717 06:45:43,Y,YANKEE GAS SERVICES COMPANY DBA EVERSOURCE ENERGY,	361667371,,Y,C001021,	00079,"SOUTHBURY, CT"
72,80,"NATIONAL GRID-POLAROID (MIDDLESEX,MA)",MA,MIDDLESEX,,D,A,LDC,19930601.0,,6951446,"Algonquin Gas Transmission, LLC",C000084,20190717 06:45:52,Y,BOSTON GAS COMPANY D/B/A NATIONAL GRID,	006951586,,Y,C001659,	80,POLAROID
73,81,"NATIONAL GRID-POTTER ST. (NORFOLK,MA)",MA,NORFOLK,,D,A,LDC,19930601.0,,6951446,"Algonquin Gas Transmission, LLC",C000084,20190717 06:45:54,Y,BOSTON GAS COMPANY D/B/A NATIONAL GRID,	006951586,,Y,C001659,	81,POTTER STREET
74,82,"STONINGTON (NEW LONDON,CT)",CT,NEW LONDON,,D,A,LDC,19930819.0,,6951446,"Algonquin Gas Transmission, LLC",C000084,20190717 06:45:49,Y,YANKEE GAS SERVICES COMPANY DBA EVERSOURCE ENERGY,	361667371,,Y,C001021,	00082,"STONINGTON, CT"
75,83,"NATIONAL GRID-CUMBERLAND (PROVIDENCE,RI)",RI,PROVIDENCE,,D,A,LDC,19930601.0,,6951446,"Algonquin Gas Transmission, LLC",C000084,20190717 06:45:50,Y,THE NARRAGANSETT ELECTRIC COMPANY D/B/A NATIONAL GRID,	001193655,,Y,C001660,	83,CUMBERLAND
76,84,"SOUTHEAST (PUTNAM,NY)",NY,PUTNAM,,D,A,LDC,19930601.0,,6951446,"Algonquin Gas Transmission, LLC",C000084,20190717 06:45:43,Y,NEW YORK STATE ELECTRIC & GAS CORPORATION,	041866497,,Y,C000621,	00084,"SOUTHEAST (PUTNAM,NY)"
77,85,"BRISTOL (HARTFORD,CT)",CT,HARTFORD,,D,A,LDC,19930601.0,,6951446,"Algonquin Gas Transmission, LLC",C000084,20190717 06:45:44,Y,YANKEE GAS SERVICES COMPANY DBA EVERSOURCE ENERGY,	361667371,,Y,C001021,	00085,"BRISTOL, CT"
78,87,"PG&E MANCHESTER ST, (PROVIDENCE,RI)",RI,PROVIDENCE,,D,A,LDC,19930601.0,,6951446,"Algonquin Gas Transmission, LLC",C000084,20190717 06:45:52,Y,"DIRECT ENERGY BUSINESS MARKETING,LLC",	078790103,,N,,,
79,89,"NATIONAL GRID-MEDFORD (MIDDLESEX,MA)",MA,MIDDLESEX,,D,A,LDC,19930601.0,,6951446,"Algonquin Gas Transmission, LLC",C000084,20190717 06:45:54,Y,BOSTON GAS COMPANY D/B/A NATIONAL GRID,	006951586,,Y,C001659,	89,MEDFORD
80,90,"BRAYTON POINT ENERGY, LLC",MA,BRISTOL,,D,I,END,,20170705.0,6951446,"Algonquin Gas Transmission, LLC",C000084,20190717 06:45:53,Y,"BRAYTON POINT ENERGY, LLC",	168723166,,N,,,
81,93,"DARTMOUTH POWER (NORFOLK,MA)",MA,NORFOLK,,D,A,END,19930601.0,,6951446,"Algonquin Gas Transmission, LLC",C000084,20190717 06:45:55,Y,DARTMOUTH POWER& ASSOCIATES LP,	789515764,,N,,,
82,94,"BELLINGHAM(NORFOLK,MA)",MA,NORFOLK,,D,A,END,19930601.0,,6951446,"Algonquin Gas Transmission, LLC",C000084,20200708 17:38:21,Y,"NORTHEAST ENERGY ASSOCIATES, A LIMITED PARTNERSHIP",	783900152,,N,,,
83,95,"OCEAN ST (PROVIDENCE,RI)",RI,PROVIDENCE,,D,A,END,19930601.0,,6951446,"Algonquin Gas Transmission, LLC",C000084,20190717 06:45:49,Y,OCEAN STATE POWER,	931391239,,N,,,
84,201,"MAHWAH (BERGEN,NJ)",NJ,BERGEN,,R,A,INT,19930601.0,,6951446,"Algonquin Gas Transmission, LLC",C000084,20200708 13:18:10,Y,"TENNESSEE GAS PIPELINE COMPANY,  L.L.C.",	001939164,,Y,C000020,	420207,AGT/TGP MAHWAH NEW JERSEY BERGEN
85,202,"RAMAPO (ROCKLAND,NY)",NY,ROCKLAND,,D,A,INT,19930601.0,,6951446,"Algonquin Gas Transmission, LLC",C000084,20190717 06:45:42,Y,"COLUMBIA GAS TRANSMISSION, LLC",	054748041,,Y,C000306,	63394 R1,RAMAPO-21
86,205,MENDON,MA,WORCESTER,,R,A,INT,19930601.0,,6951446,"Algonquin Gas Transmission, LLC",C000084,20200708 13:18:10,Y,"TENNESSEE GAS PIPELINE COMPANY,  L.L.C.",	001939164,,Y,C000020,	420285,AGT/TGP MENDON MASS TIE OVER WORCHE
87,206,"LINCOLN(MIDDLESEX,MA)",MA,MIDDLESEX,,R,I,INT,,20201101.0,6951446,"Algonquin Gas Transmission, LLC",C000084,20200708 13:18:10,Y,"TENNESSEE GAS PIPELINE COMPANY,  L.L.C.",	001939164,,Y,C000020,	420350,AGT/TGP LINCOLN MA TIE OVER WORCHES
88,208,"AGT-WANAQUE INTERCONNECT (PASSAIC,NJ)",NJ,PASSAIC,,R,A,INT,20071102.0,,6951446,"Algonquin Gas Transmission, LLC",C000084,20190717 06:45:41,Y,"TEXAS EASTERN TRANSMISSION, LP",	007932908,,Y,C000094,	71210,"AGT-WANAQUE INTERCONNECT. (PASSAIC,NJ)"
89,210,"ALGONQUIN - LAMBERTVILLE, NJ",NJ,HUNTERDON,,R,A,INT,19521014.0,,6951446,"Algonquin Gas Transmission, LLC",C000084,20190717 06:45:40,Y,"TEXAS EASTERN TRANSMISSION, LP",	007932908,,Y,C000094,	70087,"ALGONQUIN - LAMBERTVILLE, NJ"
90,211,"TETCO - HANOVER (MORRIS,NJ)",NJ,MORRIS,,R,A,INT,19631101.0,,6951446,"Algonquin Gas Transmission, LLC",C000084,20191016 15:20:31,Y,"TEXAS EASTERN TRANSMISSION, LP",	007932908,,Y,C000094,	71078,"ALGONQUIN - HANOVER, NJ"
91,214,"RAMAPO - MILLENNIUM (ROCKLAND,NY)",NY,ROCKLAND,,R,A,INT,20081222.0,,6951446,"Algonquin Gas Transmission, LLC",C000084,20190911 11:20:37,Y,"COLUMBIA GAS TRANSMISSION, LLC",	054748041,,Y,C000306,	633395,ALGONQUIN - RAMAPO/AGT MLP DELIVERIES TO AGT
92,215,"SALEM ESSEX CO., MA (ESSEX,MA)",MA,ESSEX,,R,A,INT,20031101.0,,6951446,"Algonquin Gas Transmission, LLC",C000084,20190717 06:45:56,Y,"MARITIMES & NORTHEAST PIPELINE, L.L.C.",	081787256,,Y,C000088,	30025,"BEVERLY-SALEM ESSEX CO., MA (BI-DIR 30035) FLOW SOUTH"
93,220,"CENTERVILLE-TRANSCO (MORRIS,NJ)",NJ,MORRIS,,R,A,INT,19930601.0,,6951446,"Algonquin Gas Transmission, LLC",C000084,20200708 13:21:36,Y,"TRANSCONTINENTAL GAS PIPE LINE COMPANY, LLC",	007933021,,Y,C000654,	1006561,ALGONQUIN-CTR M4402
94,230,"MARATHON (MIDDLESEX,MA)",MA,MIDDLESEX,,R,A,STR,20000113.0,,6951446,"Algonquin Gas Transmission, LLC",C000084,20190717 06:45:51,Y,NSTAR GAS COMPANY DBA EVERSOURCE ENERGY,	075345678,,N,,,
95,240,"COLUMBIA HANOVER (MORRIS,NJ)",NJ,MORRIS,,R,A,INT,19930601.0,,6951446,"Algonquin Gas Transmission, LLC",C000084,20190717 06:45:41,Y,"COLUMBIA GAS TRANSMISSION, LLC",	054748041,,Y,C000306,	63069 R2,HANOVER
96,251,"BROOKFIELD (FAIRFIELD,CT)",CT,FAIRFIELD,,R,A,INT,19930601.0,,6951446,"Algonquin Gas Transmission, LLC",C000084,20200708 12:54:56,Y,"IROQUOIS GAS TRANSMISSION SYSTEM, L.P.",	,7955.0,Y,C000438,	2256,BROOKFIELD
97,271,"EVERETT INT. (MIDDLESEX,MA)",MA,MIDDLESEX,,R,A,LNG,19930601.0,,6951446,"Algonquin Gas Transmission, LLC",C000084,20200708 12:56:58,Y,"EXELON GENERATION COMPANY, LLC",	196748938,,Y,C000202,	00271,"EVERETT INT. (MIDDLESEX, MA)"
98,620,"EXCELERATE ENERGY LP - EXCELERATE MS - (ESSEX,MA)",MA,ESSEX,,R,A,LNG,20000101.0,,6951446,"Algonquin Gas Transmission, LLC",C000084,20190717 06:45:57,Y,"EXCELERATE GAS MARKETING, LIMITED PARTNERSHIP",	,29212.0,N,,,
99,621,"EXCELERATE ENERGY LP - EXCELLENCE MS -(ESSEX, MA)",MA,ESSEX,,R,A,LNG,20080517.0,,6951446,"Algonquin Gas Transmission, LLC",C000084,20190717 06:45:57,Y,"EXCELERATE GAS MARKETING, LIMITED PARTNERSHIP",	,29212.0,N,,,
100,622,"EXCELERATE ENERGY LP - NE GATEWAY-EXPLORER (ESSEX,MA)",MA,ESSEX,,R,A,LNG,20000101.0,,6951446,"Algonquin Gas Transmission, LLC",C000084,20190717 06:45:57,Y,"EXCELERATE GAS MARKETING, LIMITED PARTNERSHIP",	,29212.0,N,,,
101,623,"EXCELERATE ENERGY LP - EXPRESS (ESSEX,MA)",MA,ESSEX,,R,A,LNG,20000101.0,,6951446,"Algonquin Gas Transmission, LLC",C000084,20190717 06:45:57,Y,"EXCELERATE GAS MARKETING, LIMITED PARTNERSHIP",	,29212.0,N,,,
102,624,"EXCELERATE ENERGY LP - EXQUISITE (ESSEX,MA)",MA,ESSEX,,R,A,LNG,20000101.0,,6951446,"Algonquin Gas Transmission, LLC",C000084,20190717 06:45:57,Y,"EXCELERATE GAS MARKETING, LIMITED PARTNERSHIP",	,29212.0,N,,,
103,625,"EXCELERATE ENERGY LP - EXPEDIENT (ESSEX,MA)",MA,ESSEX,,R,A,LNG,20000101.0,,6951446,"Algonquin Gas Transmission, LLC",C000084,20190717 06:45:57,Y,"EXCELERATE GAS MARKETING, LIMITED PARTNERSHIP",	,29212.0,N,,,
104,626,"EXCELERATE ENERGY LP - EXEMPLAR (ESSEX,MA)",MA,ESSEX,,R,A,LNG,20000101.0,,6951446,"Algonquin Gas Transmission, LLC",C000084,20190717 06:45:57,Y,"EXCELERATE GAS MARKETING, LIMITED PARTNERSHIP",	,29212.0,N,,,
105,630,"SUEZ NEPTUNE LNG -(ESSEX, MA)",MA,ESSEX,,R,A,LNG,20100308.0,,6951446,"Algonquin Gas Transmission, LLC",C000084,20190717 06:45:56,Y,DISTRIGAS OF MASSACHUSETTS LLC,	789846263,,N,,,
106,631,"SUEZ CAPE ANN, LNG -(ESSEX, MA)",MA,ESSEX,,R,A,LNG,20100308.0,,6951446,"Algonquin Gas Transmission, LLC",C000084,20190717 06:45:56,Y,DISTRIGAS OF MASSACHUSETTS LLC,	789846263,,N,,,
107,801,MILFORD POWER,MA,NORFOLK,,D,A,END,19930601.0,,6951446,"Algonquin Gas Transmission, LLC",C000084,20190717 06:45:49,Y,"MILFORD POWER, LLC",	,30157.0,N,,,
108,803,"FORE RIVER (NORFOLK,MA)",MA,NORFOLK,,D,A,END,20030212.0,,6951446,"Algonquin Gas Transmission, LLC",C000084,20190717 06:45:54,Y,"CALPINE ENERGY SERVICES, L.P.",	169668212,,N,,,
109,804,"HEBRON (HARTFORD,CT)",CT,HARTFORD,,D,A,LDC,19930601.0,,6951446,"Algonquin Gas Transmission, LLC",C000084,20190717 06:45:46,Y,CONNECTICUT NATURAL GAS CORPORATION,	001139294,,N,,,
110,805,"FRANKLIN (NEW LONDON,CT)",CT,NEW LONDON,,D,A,LDC,19930601.0,,6951446,"Algonquin Gas Transmission, LLC",C000084,20190717 06:45:47,Y,YANKEE GAS SERVICES COMPANY DBA EVERSOURCE ENERGY,	361667371,,Y,C001021,	00805,"FRANKLIN, CT"
111,806,CANAL GENERATING,MA,BARNSTABLE,,D,A,END,20060711.0,,6951446,"Algonquin Gas Transmission, LLC",C000084,20200708 16:45:14,Y,CANAL GENERATING LLC,	,30932.0,N,,,
112,807,"NORTH HAVEN LOW PRESSURE (NEW HAVEN,CT)",CT,NEW HAVEN,,D,A,LDC,19930601.0,,6951446,"Algonquin Gas Transmission, LLC",C000084,20190717 06:45:45,Y,"SOUTHERN CONNECTICUT GAS COMPANY, THE",	004945259,,N,,,
113,809,"BALL FOSTER (NORFOLK,MA)",MA,NORFOLK,,D,A,END,19930601.0,,6951446,"Algonquin Gas Transmission, LLC",C000084,20190717 06:45:50,Y,MILFORD NATIONAL LLC,	,30831.0,N,,,
114,810,"NRG MIDDLETOWN, (MIDDLESEX,CT)",CT,MIDDLESEX,,D,A,END,20080601.0,,6951446,"Algonquin Gas Transmission, LLC",C000084,20190717 06:45:46,Y,NRG POWER MARKETING LLC,	028255979,,N,,,
115,811,"NORTH SOMERS (WESTCHESTER,NY)",NY,WESTCHESTER,,D,A,LDC,19930601.0,,6951446,"Algonquin Gas Transmission, LLC",C000084,20190717 06:45:43,Y,"CONSOLIDATED EDISON COMPANY OF NEW YORK, INC.",	006982359,,N,,,
116,812,"TMPL (BRISTOL,MA)",MA,BRISTOL,,D,A,END,19930601.0,,6951446,"Algonquin Gas Transmission, LLC",C000084,20190717 06:45:53,Y,TAUNTON MUNICIPAL LIGHTING PLANT,	,24954.0,N,,,
117,813,"NATIONAL GRID-ROCHESTER (PLYMOUTH,MA)",MA,PLYMOUTH,,D,A,LDC,19930601.0,,6951446,"Algonquin Gas Transmission, LLC",C000084,20190717 06:45:55,Y,BOSTON GAS COMPANY D/B/A NATIONAL GRID,	006951586,,Y,C001659,	00813,"NATIONAL GRID-ROCHESTER (PLYMOUTH,MA)"
118,814,"ANP BELLINGHAM ENERGY COMPANY (NORFOLK,MA)",MA,NORFOLK,,D,A,END,20020612.0,,6951446,"Algonquin Gas Transmission, LLC",C000084,20190717 06:45:50,Y,"ANP BELLINGHAM ENERGY COMPANY, LLC",	,26955.0,N,,,
119,815,"DIGHTON POWER LLC BRISTOL MA (BRISTOL,MA)",MA,BRISTOL,,D,A,END,19990322.0,,6951446,"Algonquin Gas Transmission, LLC",C000084,20190717 06:45:52,Y,"DIGHTON POWER, LLC",	785087888,,N,,,
120,816,"REVERE POWER (PROVIDENCE,RI)",RI,PROVIDENCE,,D,A,END,20000302.0,,6951446,"Algonquin Gas Transmission, LLC",C000084,20190717 06:45:55,Y,"REVERE POWER, LLC",	116953453,,N,,,
121,817,"DYNEGY LAKE ROAD (WINDHAM,CT)",CT,WINDHAM,,D,A,END,20010416.0,,6951446,"Algonquin Gas Transmission, LLC",C000084,20190717 06:45:48,Y,"LAKE ROAD GENERATING COMPANY, L.P.",	,25808.0,N,,,
122,819,"MIDDLETOWN - YANKEE ENERGY SYSTEMS - CROMWELL (FAIRFIELD,CT",CT,MIDDLESEX,,D,A,LDC,20080601.0,,6951446,"Algonquin Gas Transmission, LLC",C000084,20190717 06:45:46,Y,YANKEE GAS SERVICES COMPANY DBA EVERSOURCE ENERGY,	361667371,,Y,C001021,	00819,"MIDDLETOWN, CT"
123,820,"WALLINGFORD ENERGY INTERCONNECT (FAIRFIELD,CT)",CT,NEW HAVEN,,D,A,END,20010529.0,,6951446,"Algonquin Gas Transmission, LLC",C000084,20200708 13:25:12,Y,WALLINGFORD ENERGY LLC,	,29342.0,N,,,
124,821,"PINEHILLS METER - (PLYMOUTH,MA)",MA,PLYMOUTH,,D,A,LDC,20011116.0,,6951446,"Algonquin Gas Transmission, LLC",C000084,20190717 06:45:55,Y,NSTAR GAS COMPANY DBA EVERSOURCE ENERGY,	075345678,,N,,,
125,822,"PHELPS DODGE (NEW LONDON,CT)",CT,NEW LONDON,,D,A,END,20020121.0,,6951446,"Algonquin Gas Transmission, LLC",C000084,20190717 06:45:47,Y,PHELPS DODGE COPPER PRODUCTS COMPANY,	001213149,,N,,,
126,823,"BAY STATE GAS - SHARON STA.-(NORFOLK,MA)",MA,NORFOLK,,D,A,LDC,20021120.0,,6951446,"Algonquin Gas Transmission, LLC",C000084,20200708 12:51:19,Y,EVERSOURCE GAS COMPANY OF MASSACHUSETTS,	117584378,,N,,,
127,824,NEW ENGLAND GAS COMPANY FALL RIVER GAS-NORTH FALL RIVER STA,MA,BRISTOL,,D,A,LDC,20030114.0,,6951446,"Algonquin Gas Transmission, LLC",C000084,20190717 06:45:53,Y,LIBERTY UTILITIES (NEW ENGLAND NATURAL GAS COMPANY) CORP D/B/A LIBERTY UTILITIES,	,30126.0,N,,,
128,826,"MYSTIC (MIDDLESEX,MA)",MA,MIDDLESEX,,D,A,LDC,20021025.0,,6951446,"Algonquin Gas Transmission, LLC",C000084,20190717 06:45:54,Y,NSTAR GAS COMPANY DBA EVERSOURCE ENERGY,	075345678,,N,,,
129,827,"NATIONAL GRID-WEYMOUTH (NORFOLK,MA)",MA,NORFOLK,,D,A,LDC,20050917.0,,6951446,"Algonquin Gas Transmission, LLC",C000084,20190717 06:45:54,Y,BOSTON GAS COMPANY D/B/A NATIONAL GRID,	006951586,,Y,C001659,	827,WEYMOUTH
130,828,"UCONN MANSFIELD (TOLLAND,CT)",CT,TOLLAND,,D,A,LDC,20050711.0,,6951446,"Algonquin Gas Transmission, LLC",C000084,20190717 06:45:47,Y,CONNECTICUT NATURAL GAS CORPORATION,	001139294,,N,,,
131,829,"NATIONAL GRID-SANDWICH (BARNSTABLE,MA)",MA,BARNSTABLE,,D,A,LDC,20071115.0,,6951446,"Algonquin Gas Transmission, LLC",C000084,20190717 06:45:56,Y,BOSTON GAS COMPANY D/B/A NATIONAL GRID,	006951586,,Y,C001659,	00829,"NATIONAL GRID-SANDWICH (BARNSTABLE,MA)"
132,830,"MARATHON (MIDDLESEX,MA)",MA,MIDDLESEX,,D,A,LDC,19991007.0,,6951446,"Algonquin Gas Transmission, LLC",C000084,20190717 06:45:51,Y,NSTAR GAS COMPANY DBA EVERSOURCE ENERGY,	075345678,,N,,,
133,831,"CMEEC-PIERCE POWER PLANT-(NEW HAVEN,CT)",CT,NEW HAVEN,,D,A,END,20070920.0,,6951446,"Algonquin Gas Transmission, LLC",C000084,20190717 06:45:45,Y,CONNECTICUT MUNICIPAL ELECTRIC ENERGY COOPERATIVE,	092078351,,N,,,
134,832,"NORFOLK METER STATION (NORFOLK,MA)",MA,NORFOLK,,D,A,LDC,20081218.0,,6951446,"Algonquin Gas Transmission, LLC",C000084,20200708 12:51:19,Y,EVERSOURCE GAS COMPANY OF MASSACHUSETTS,	117584378,,N,,,
135,833,KLEEN ENERGY,CT,MIDDLESEX,,D,A,END,20100129.0,,6951446,"Algonquin Gas Transmission, LLC",C000084,20200708 13:25:36,Y,"KLEEN ENERGY SYSTEMS, LLC",	003471322,,N,,,
136,834,"BELD - BRAINTREE ELECTRIC LIGHT  (NORFOLK,MA)",MA,NORFOLK,,D,A,END,20090316.0,,6951446,"Algonquin Gas Transmission, LLC",C000084,20190717 06:45:54,Y,BRAINTREE ELECTRIC LIGHT DEPARTMENT,	,17749.0,N,,,
137,835,"WEST DANBURY (FAIRFIELD,CT)",CT,FAIRFIELD,,D,A,LDC,20090429.0,,6951446,"Algonquin Gas Transmission, LLC",C000084,20190717 06:45:43,Y,YANKEE GAS SERVICES COMPANY DBA EVERSOURCE ENERGY,	361667371,,Y,C001021,	00835,"WEST DANBURY, CT"
138,836,GENCONN POWER PLANT,CT,MIDDLESEX,,D,A,END,20110307.0,,6951446,"Algonquin Gas Transmission, LLC",C000084,20190717 06:45:46,Y,NRG POWER MARKETING LLC,	028255979,,N,,,
139,837,SALEM HARBOR STATION,MA,ESSEX,,D,A,END,20161101.0,,6951446,"Algonquin Gas Transmission, LLC",C000084,20190717 06:45:57,Y,FOOTPRINT POWER SALEM HARBOR DEVELOPMENT LP,	078779302,,N,,,
140,838,NATIONAL GRID - WEST ROXBURY,MA,SUFFOLK,,D,A,LDC,20161201.0,,6951446,"Algonquin Gas Transmission, LLC",C000084,20190717 06:45:52,Y,BOSTON GAS COMPANY D/B/A NATIONAL GRID,	006951586,,Y,C001659,	838,WEST ROXBURY
141,839,"NSTAR - ASSONET, BRISTOL CO, MA",MA,BRISTOL,,D,A,LDC,19980501.0,,6951446,"Algonquin Gas Transmission, LLC",C000084,20190717 06:45:54,Y,NSTAR GAS COMPANY DBA EVERSOURCE ENERGY,	075345678,,N,,,
142,840,AGT TO TE HANOVER,NJ,MORRIS,,D,A,INT,20131030.0,,6951446,"Algonquin Gas Transmission, LLC",C000084,20200914 07:20:28,Y,"TEXAS EASTERN TRANSMISSION, LP",	007932908,,Y,C000094,	76840,AGT TO TE HANOVER
143,841,"NORWICH PUBLIC UTILITIES-OAKLAND HEIGHTS, NEW LONDON, CT",CT,NEW LONDON,,D,A,LDC,19980501.0,,6951446,"Algonquin Gas Transmission, LLC",C000084,20190717 06:45:47,Y,"NORWICH, CITY OF, CONNECTICUT, BOARD OF PUBLIC UTILITIES COMMISSIONERS",	060677747,,N,,,
144,842,"NATIONAL GRID - CRARY STREET-PROVIDENCE,,RI",RI,PROVIDENCE,,D,A,LDC,20170714.0,,6951446,"Algonquin Gas Transmission, LLC",C000084,20190717 06:45:52,Y,THE NARRAGANSETT ELECTRIC COMPANY D/B/A NATIONAL GRID,	001193655,,Y,C001660,	00842,CRARY STREET
145,843,CPV TOWANTIC POWERPLANT,CT,NEW LONDON,,D,A,END,20171115.0,,6951446,"Algonquin Gas Transmission, LLC",C000084,20191213 07:45:03,Y,"CPV TOWANTIC, LLC",	826180288,,N,,,
146,844,"EXELON CONSTELLATION ENERGY, NORFOLK CO, MA",MA,NORFOLK,,D,A,END,20181126.0,,6951446,"Algonquin Gas Transmission, LLC",C000084,20200708 12:56:58,Y,"EXELON GENERATION COMPANY, LLC",	196748938,,Y,C000202,	00844,"EXELON CONSTELLATION ENERGY, NORFOLK CO, MA"
147,851,"BROOKFIELD DELIVERY (FAIRFIELD,CT)",CT,FAIRFIELD,,D,A,INT,20081029.0,,6951446,"Algonquin Gas Transmission, LLC",C000084,20200708 12:54:56,Y,"IROQUOIS GAS TRANSMISSION SYSTEM, L.P.",	,7955.0,Y,C000438,	2436,BROOKFIELD RECEIPT
148,1201,MAHWAH  TEMP.-DEL,NJ,BERGEN,,D,I,INT,,20160601.0,6951446,"Algonquin Gas Transmission, LLC",C000084,20200708 13:18:10,Y,"TENNESSEE GAS PIPELINE COMPANY,  L.L.C.",	001939164,,Y,C000020,	420207,AGT/TGP MAHWAH NEW JERSEY BERGEN
149,1211,AGT TO TETCO FOR PSEG DEL.,NJ,PASSAIC,,D,A,INT,20100618.0,,6951446,"Algonquin Gas Transmission, LLC",C000084,20190717 06:45:41,Y,"TEXAS EASTERN TRANSMISSION, LP",	007932908,,Y,C000094,	74509,AGT RECEIPT FOR PSEG DEL.
150,1215,"SALEM ESSEX CO., MA NORTH (ESSEX,MA)",MA,ESSEX,,D,A,INT,20031101.0,,6951446,"Algonquin Gas Transmission, LLC",C000084,20190717 06:45:56,Y,"MARITIMES & NORTHEAST PIPELINE, L.L.C.",	081787256,,Y,C000088,	30035,"BEVERLY-ESSEX CO., MA  (BI-DIR 30025) FLOW NORTH"
151,2210,"LAMBERTVILLE DELIVERY (HUNTERDON, NJ)",NJ,HUNTERDON,,D,A,INT,20000602.0,,6951446,"Algonquin Gas Transmission, LLC",C000084,20190717 06:45:40,Y,"TEXAS EASTERN TRANSMISSION, LP",	007932908,,Y,C000094,	76087,"ALGONQUIN - LAMBERTVILLE, NJ (RECEIPT)"
152,2630,"NEPTUNE LNG -(ESSEX, MA)",MA,ESSEX,,D,A,LNG,20090701.0,,6951446,"Algonquin Gas Transmission, LLC",C000084,20190717 06:45:57,Y,DISTRIGAS OF MASSACHUSETTS LLC,	789846263,,N,,,
153,80000,INTERCONNECT AGT MAINLINE & LAKE ROAD LALTERAL,CT,HARTFORD,,D,A,STA,20010416.0,,6951446,"Algonquin Gas Transmission, LLC",C000084,20190717 06:45:48,N,,	,,N,,,
154,80001,INTERCONNECT BETWEEN MIDDLETON LAT  & AGT MAINLINE,CT,HARTFORD,,D,A,STA,20080601.0,,6951446,"Algonquin Gas Transmission, LLC",C000084,20190717 06:45:46,N,,	,,N,,,
155,80003,INTERCONNECT AGT G-10 LAT & CLEARY LATERAL,MA,BRISTOL,,D,A,STA,20040401.0,,6951446,"Algonquin Gas Transmission, LLC",C000084,20191203 08:33:53,N,,	,,N,,,
156,80004,"INTERCONNECT AGT G-SYS BOURNE, MA & CANAL LATERAL",MA,BARNSTABLE,,R,A,STA,20060711.0,,6951446,"Algonquin Gas Transmission, LLC",C000084,20191203 08:34:16,N,,	,,N,,,
157,80005,INTERCONNECT AGT MAINLINE FORE RIVER LATERAL,MA,NORFOLK,,D,I,STA,,20190523.0,6951446,"Algonquin Gas Transmission, LLC",C000084,20190717 06:45:54,N,,	,,N,,,
158,80006,LATERAL F SYSTEM,CT,WINDHAM,,R,A,STA,20040401.0,,6951446,"Algonquin Gas Transmission, LLC",C000084,20190717 06:45:48,N,,	,,N,,,
159,80007,LATERAL F SYSTEM MAINLINE,CT,WINDHAM,,D,A,STA,20040401.0,,6951446,"Algonquin Gas Transmission, LLC",C000084,20190717 06:45:48,N,,	,,N,,,
160,80008,LATERAL B SYSTEM,CT,NEW HAVEN,,R,A,STA,20040401.0,,6951446,"Algonquin Gas Transmission, LLC",C000084,20190717 06:45:44,N,,	,,N,,,
161,80009,LATERAL B SYSTEM MAINILNE,CT,NEW HAVEN,,D,A,STA,20040401.0,,6951446,"Algonquin Gas Transmission, LLC",C000084,20190717 06:45:44,N,,	,,N,,,
162,80012,LATERAL Y SYSTEM,MA,NORFOLK,,R,A,STA,20040401.0,,6951446,"Algonquin Gas Transmission, LLC",C000084,20190717 06:45:49,N,,	,,N,,,
163,80013,LATERAL Y SYSTEM MAINLINE,MA,NORFOLK,,D,A,STA,20040401.0,,6951446,"Algonquin Gas Transmission, LLC",C000084,20190717 06:45:49,N,,	,,N,,,
164,80016,LATERAL Z SYSTEM,CT,WINDHAM,,R,A,STA,20040401.0,,6951446,"Algonquin Gas Transmission, LLC",C000084,20190717 06:45:48,N,,	,,N,,,
165,80030,LATERAL E SYSTEM,CT,TOLLAND,,R,A,STA,20040401.0,,6951446,"Algonquin Gas Transmission, LLC",C000084,20190717 06:45:46,N,,	,,N,,,
166,80031,LATERAL E SYSTEM MAINLINE,CT,TOLLAND,,D,A,STA,20040401.0,,6951446,"Algonquin Gas Transmission, LLC",C000084,20190717 06:45:46,N,,	,,N,,,
167,80034,LATERAL G-1 SYSTEM,MA,NORFOLK,,R,A,STA,20040401.0,,6951446,"Algonquin Gas Transmission, LLC",C000084,20190717 06:45:49,N,,	,,N,,,
168,80035,LATERAL G-1 SYSTEM MAINLINE,MA,NORFOLK,,D,A,STA,20040401.0,,6951446,"Algonquin Gas Transmission, LLC",C000084,20190717 06:45:49,N,,	,,N,,,
169,80042,Q-1 EXTENSION MAINLINE,MA,NORFOLK,,D,A,STA,20040401.0,,6951446,"Algonquin Gas Transmission, LLC",C000084,20190717 06:45:52,N,,	,,N,,,
170,80047,LATERAL G SYSTEM CANAL MAINLINE,MA,BARNSTABLE,,D,A,STA,20040401.0,,6951446,"Algonquin Gas Transmission, LLC",C000084,20190717 06:45:56,N,,	,,N,,,
171,80049,LATERAL G SYSTEM CLEARY MAINLINE,MA,BRISTOL,,D,A,STA,20031110.0,,6951446,"Algonquin Gas Transmission, LLC",C000084,20190717 06:45:53,N,,	,,N,,,
172,80054,LATERAL C-8 SYSTEM,MA,MIDDLESEX,,R,A,STA,20070801.0,,6951446,"Algonquin Gas Transmission, LLC",C000084,20191011 08:44:43,N,,	,,N,,,
173,80055,LATERAL C-8 MAINLINE,MA,MIDDLESEX,,D,A,STA,20070801.0,,6951446,"Algonquin Gas Transmission, LLC",C000084,20191011 08:44:32,N,,	,,N,,,
174,80060,G-24 LATERAL HEAD OF LATERAL,MA,BARNSTABLE,,R,A,STA,20071120.0,,6951446,"Algonquin Gas Transmission, LLC",C000084,20190717 06:45:56,N,,	,,N,,,
175,80063,LATERAL W SYSTEM MAINLINE,CT,MIDDLESEX,,D,A,STA,20040401.0,,6951446,"Algonquin Gas Transmission, LLC",C000084,20190717 06:45:46,N,,	,,N,,,
176,80070,G-12 SYSTEM,MA,BRISTOL,,R,A,STA,20040401.0,,6951446,"Algonquin Gas Transmission, LLC",C000084,20190717 06:45:51,N,,	,,N,,,
177,80071,G-12 SYSTEM G-5 MAINLINE,MA,BRISTOL,,D,A,STA,20040401.0,,6951446,"Algonquin Gas Transmission, LLC",C000084,20190717 06:45:51,N,,	,,N,,,
178,80074,G-22 SYSTEM,MA,BRISTOL,,R,A,STA,20040401.0,,6951446,"Algonquin Gas Transmission, LLC",C000084,20190717 06:45:52,N,,	,,N,,,
179,80075,G-22 SYSTEM G-1 MAINLINE,MA,BRISTOL,,D,A,STA,20040401.0,,6951446,"Algonquin Gas Transmission, LLC",C000084,20190717 06:45:52,N,,	,,N,,,
180,80094,J-2 SYSTEM,MA,MIDDLESEX,,R,A,STA,20040401.0,,6951446,"Algonquin Gas Transmission, LLC",C000084,20190717 06:45:54,N,,	,,N,,,
181,80095,J-2 SYSTEM MAINLINE,MA,MIDDLESEX,,D,A,STA,20040401.0,,6951446,"Algonquin Gas Transmission, LLC",C000084,20190717 06:45:54,N,,	,,N,,,
182,80100,KLEEN ENERGY LATERAL MAINLINE,CT,MIDDLESEX,,D,A,STA,20100129.0,,6951446,"Algonquin Gas Transmission, LLC",C000084,20200708 13:25:36,Y,"KLEEN ENERGY SYSTEMS, LLC",	003471322,,N,,,
183,80101,KLEEN ENERGY LATERAL,CT,MIDDLESEX,,R,A,STA,20100129.0,,6951446,"Algonquin Gas Transmission, LLC",C000084,20200708 13:25:36,Y,"KLEEN ENERGY SYSTEMS, LLC",	003471322,,N,,,
184,80104,WEST ROXBURY LATERAL,MA,SUFFOLK,,R,A,STA,20161201.0,,6951446,"Algonquin Gas Transmission, LLC",C000084,20190717 06:45:51,N,,	,,N,,,
185,80105,WEST ROXBURY LATERAL (MAINLINE),MA,SUFFOLK,,D,A,STA,20161201.0,,6951446,"Algonquin Gas Transmission, LLC",C000084,20190717 06:45:51,N,,	,,N,,,
186,80106,SALEM LATERAL (MAINLINE),MA,ESSEX,,D,A,STA,20161101.0,,6951446,"Algonquin Gas Transmission, LLC",C000084,20190717 06:45:56,N,,	,,N,,,
187,80107,SALEM LATERAL,MA,ESSEX,,R,A,STA,20161101.0,,6951446,"Algonquin Gas Transmission, LLC",C000084,20190717 06:45:56,N,,	,,N,,,
188,80806,G-24 MAINLINE HEAD OF LATERAL,MA,BARNSTABLE,,D,A,STA,20071120.0,,6951446,"Algonquin Gas Transmission, LLC",C000084,20190717 06:45:56,N,,	,,N,,,
189,87000,AGT PAL POINT OF TRANSACTION,CT,HARTFORD,,R,A,VIR,20030307.0,,6951446,"Algonquin Gas Transmission, LLC",C000084,20191011 08:43:36,N,,	,,N,,,
190,88201,TENNESSEE MAHWAH,NJ,BERGEN,,R,A,INT,20020901.0,,6951446,"Algonquin Gas Transmission, LLC",C000084,20190717 06:45:42,N,,	,,N,,,
191,88202,INTERCONNECTION BETWEEN NORTHEAST GATEWAY AND HUBLINE MAINLINE,MA,ESSEX,,R,A,STA,20071207.0,,6951446,"Algonquin Gas Transmission, LLC",C000084,20190717 06:45:56,Y,EXCELERATE ENERGY L.L.C.,	,28807.0,N,,,
192,88203,INTERCONNECTION BETWEEN NORTHEAST GATEWAY AND HUBLINE,MA,ESSEX,,D,A,STA,20071207.0,,6951446,"Algonquin Gas Transmission, LLC",C000084,20190717 06:45:56,Y,EXCELERATE ENERGY L.L.C.,	,28807.0,N,,,
193,88205,TENNESSEE MENDON,MA,WORCESTER,,R,A,INT,20020901.0,,6951446,"Algonquin Gas Transmission, LLC",C000084,20190717 06:45:49,N,,	,,N,,,
194,88210,TE - LAMBERTVILLE,NJ,HUNTERDON,,R,A,INT,20020901.0,,6951446,"Algonquin Gas Transmission, LLC",C000084,20190717 06:45:40,N,,	,,N,,,
195,88211,TE - HANOVER,NJ,MORRIS,,R,A,INT,20020901.0,,6951446,"Algonquin Gas Transmission, LLC",C000084,20190717 06:45:41,N,,	,,N,,,
196,88220,TRANSCO - CENTERVILLE,NJ,MORRIS,,R,A,INT,20020901.0,,6951446,"Algonquin Gas Transmission, LLC",C000084,20190717 06:45:41,N,,	,,N,,,
197,88240,COLUMBIA - HANOVER,NJ,MORRIS,,R,A,INT,20020901.0,,6951446,"Algonquin Gas Transmission, LLC",C000084,20190717 06:45:41,N,,	,,N,,,
198,88251,IROQUOIS - BROOKFIELD,CT,FAIRFIELD,,R,A,INT,20020901.0,,6951446,"Algonquin Gas Transmission, LLC",C000084,20191011 08:39:31,N,,	,,N,,,
199,88271,DISTRIGAS - EVERETT,MA,MIDDLESEX,,R,A,LNG,20020901.0,,6951446,"Algonquin Gas Transmission, LLC",C000084,20190717 06:45:55,N,,	,,N,,,
200,89847,NORTHEAST GATEWAY DEEP WATER PORT (DWP1),MA,ESSEX,,R,A,LNG,20071128.0,,6951446,"Algonquin Gas Transmission, LLC",C000084,20190729 16:11:28,Y,"EXCELERATE GAS MARKETING, LIMITED PARTNERSHIP",	,29212.0,N,,,
201,89848,INTERCONNECT BETWEEN SUEZ NEPTUNE AND HUBLINE,MA,ESSEX,,R,A,LNG,20100308.0,,6951446,"Algonquin Gas Transmission, LLC",C000084,20190717 06:45:56,Y,DISTRIGAS OF MASSACHUSETTS LLC,	789846263,,N,,,
202,99200,NJ-NY MAINLINE,NY,ROCKLAND,,D,A,INT,20131101.0,,6951446,"Algonquin Gas Transmission, LLC",C000084,20190717 06:45:42,Y,"TEXAS EASTERN TRANSMISSION, LP",	007932908,,Y,C000094,	78200,AGT MAINLINE (NJ-NY)
203,99815,PHELPS DODGE LATERAL POINT,CT,NEW LONDON,,B,A,STA,20020121.0,,6951446,"Algonquin Gas Transmission, LLC",C000084,20190717 06:45:47,N,,	,,N,,,
204,99817,BAY STATE,MA,BRISTOL,,D,A,LDC,20040401.0,,6951446,"Algonquin Gas Transmission, LLC",C000084,20200708 12:51:19,Y,EVERSOURCE GAS COMPANY OF MASSACHUSETTS,	117584378,,N,,,
205,99818,BOS GAS CO D,MA,NORFOLK,,D,A,LDC,20040401.0,,6951446,"Algonquin Gas Transmission, LLC",C000084,20190717 06:45:52,Y,BOSTON GAS COMPANY D/B/A NATIONAL GRID,	006951586,,Y,C001659,	99818,BOS GAS CO D
206,99822,COMMONWEALTH,MA,MIDDLESEX,,D,A,LDC,20040401.0,,6951446,"Algonquin Gas Transmission, LLC",C000084,20190717 06:45:50,Y,NSTAR GAS COMPANY DBA EVERSOURCE ENERGY,	075345678,,N,,,
207,99823,CONNECTICUT NATURAL,CT,HARTFORD,,D,A,LDC,20040401.0,,6951446,"Algonquin Gas Transmission, LLC",C000084,20190717 06:45:45,Y,CONNECTICUT NATURAL GAS CORPORATION,	001139294,,N,,,
208,99824,CONSOLIDATED EDISON,NY,WESTCHESTER,,D,A,LDC,20040401.0,,6951446,"Algonquin Gas Transmission, LLC",C000084,20190717 06:45:43,Y,"CONSOLIDATED EDISON COMPANY OF NEW YORK, INC.",	006982359,,N,,,
209,99825,FALL RIVER GAS,MA,BRISTOL,,D,A,LDC,20040401.0,,6951446,"Algonquin Gas Transmission, LLC",C000084,20190717 06:45:48,Y,LIBERTY UTILITIES (NEW ENGLAND NATURAL GAS COMPANY) CORP D/B/A LIBERTY UTILITIES,	,30126.0,N,,,
210,99826,BROOKFIELD IN-LINE TRANSFER POINT,CT,FAIRFIELD,,R,A,STA,20081101.0,,6951446,"Algonquin Gas Transmission, LLC",C000084,20190717 06:45:43,N,,	,,N,,,
211,99830,NORWICH,CT,NEW LONDON,,D,A,LDC,20040401.0,,6951446,"Algonquin Gas Transmission, LLC",C000084,20190717 06:45:46,Y,"NORWICH, CITY OF, CONNECTICUT, BOARD OF PUBLIC UTILITIES COMMISSIONERS",	060677747,,N,,,
212,99831,ORANGE & ROCKLAND,NY,ROCKLAND,,D,A,LDC,20040401.0,,6951446,"Algonquin Gas Transmission, LLC",C000084,20190717 06:45:42,Y,"ORANGE AND ROCKLAND UTILITIES, INC.",	006993406,,Y,C005418,	N/A,USED FOR ALLOCATION PURPOSES
213,99832,PROVIDENCE,RI,PROVIDENCE,,D,A,LDC,20040401.0,,6951446,"Algonquin Gas Transmission, LLC",C000084,20190717 06:45:49,Y,THE NARRAGANSETT ELECTRIC COMPANY D/B/A NATIONAL GRID,	001193655,,Y,C001660,	99832,PROVIDENCE
214,99833,SOUTHERN CONNECTICUT,CT,NEW HAVEN,,D,A,LDC,20040401.0,,6951446,"Algonquin Gas Transmission, LLC",C000084,20191011 08:41:38,Y,"SOUTHERN CONNECTICUT GAS COMPANY, THE",	004945259,,N,,,
215,99834,YANKEE,CT,NEW HAVEN,,D,A,LDC,20040401.0,,6951446,"Algonquin Gas Transmission, LLC",C000084,20190717 06:45:44,Y,YANKEE GAS SERVICES COMPANY DBA EVERSOURCE ENERGY,	361667371,,Y,C001021,	99834,YANKEE - ACCOUNTING METER
216,99835,BROOKFIELD,CT,FAIRFIELD,,D,A,INT,20081101.0,,6951446,"Algonquin Gas Transmission, LLC",C000084,20200708 12:54:56,Y,"IROQUOIS GAS TRANSMISSION SYSTEM, L.P.",	,7955.0,Y,C000438,	N/A,USED FOR ALLOCATION PURPOSES
217,99836,RAMAPO - MILLENNIUM,NY,ROCKLAND,,R,A,INT,20090101.0,,6951446,"Algonquin Gas Transmission, LLC",C000084,20190717 06:45:42,Y,"COLUMBIA GAS TRANSMISSION, LLC",	054748041,,Y,C000306,	N/A,USED FOR ALLOCATION PURPOSES
218,99837,DISTRIGAS LDC,MA,MIDDLESEX,,R,A,LNG,20140701.0,,6951446,"Algonquin Gas Transmission, LLC",C000084,20200520 17:11:53,Y,DISTRIGAS OF MASSACHUSETTS LLC,	789846263,,N,,,
219,99845,NEEDHAM REGULATOR,MA,MIDDLESEX,,R,A,STA,19990113.0,,6951446,"Algonquin Gas Transmission, LLC",C000084,20190717 06:45:51,N,,	,,N,,,
220,99847,AGT WEST END ACCTG PT,NJ,MORRIS,,R,A,STA,19990723.0,,6951446,"Algonquin Gas Transmission, LLC",C000084,20190717 06:45:40,N,,	,,N,,,
221,99854,"HANOVER, NJ FUEL ACCOUNTING METER",NJ,MORRIS,,R,A,STA,20040630.0,,6951446,"Algonquin Gas Transmission, LLC",C000084,20190717 06:45:41,N,,	,,N,,,
222,99855,SALEM LATERAL CUSTODY TRANSFER POINT,MA,ESSEX,,R,A,STA,20161101.0,,6951446,"Algonquin Gas Transmission, LLC",C000084,20190717 06:45:56,Y,"MARITIMES & NORTHEAST PIPELINE, L.L.C.",	081787256,,Y,C000088,	39201,SALEM LATERAL CUSTODY TRANSFER POINT
223,99856,MAHWAH IN-LINE TRANSFER POINT,NJ,BERGEN,,D,A,STA,20160804.0,,6951446,"Algonquin Gas Transmission, LLC",C000084,20190717 06:45:41,N,,	,,N,,,
